image_path,label
data\notumor\Tr-noTr_0000.jpg,0
data\notumor\Tr-noTr_0001.jpg,0
data\notumor\Tr-noTr_0002.jpg,0
data\notumor\Tr-noTr_0003.jpg,0
data\notumor\Tr-noTr_0004.jpg,0
data\notumor\Tr-noTr_0005.jpg,0
data\notumor\Tr-noTr_0006.jpg,0
data\notumor\Tr-noTr_0007.jpg,0
data\notumor\Tr-noTr_0008.jpg,0
data\notumor\Tr-noTr_0009.jpg,0
data\notumor\Tr-no_0010.jpg,0
data\notumor\Tr-no_0011.jpg,0
data\notumor\Tr-no_0012.jpg,0
data\notumor\Tr-no_0013.jpg,0
data\notumor\Tr-no_0014.jpg,0
data\notumor\Tr-no_0015.jpg,0
data\notumor\Tr-no_0016.jpg,0
data\notumor\Tr-no_0017.jpg,0
data\notumor\Tr-no_0018.jpg,0
data\notumor\Tr-no_0019.jpg,0
data\notumor\Tr-no_0020.jpg,0
data\notumor\Tr-no_0021.jpg,0
data\notumor\Tr-no_0022.jpg,0
data\notumor\Tr-no_0023.jpg,0
data\notumor\Tr-no_0024.jpg,0
data\notumor\Tr-no_0025.jpg,0
data\notumor\Tr-no_0026.jpg,0
data\notumor\Tr-no_0027.jpg,0
data\notumor\Tr-no_0028.jpg,0
data\notumor\Tr-no_0029.jpg,0
data\notumor\Tr-no_0030.jpg,0
data\notumor\Tr-no_0031.jpg,0
data\notumor\Tr-no_0032.jpg,0
data\notumor\Tr-no_0033.jpg,0
data\notumor\Tr-no_0034.jpg,0
data\notumor\Tr-no_0035.jpg,0
data\notumor\Tr-no_0036.jpg,0
data\notumor\Tr-no_0037.jpg,0
data\notumor\Tr-no_0038.jpg,0
data\notumor\Tr-no_0039.jpg,0
data\notumor\Tr-no_0040.jpg,0
data\notumor\Tr-no_0041.jpg,0
data\notumor\Tr-no_0042.jpg,0
data\notumor\Tr-no_0043.jpg,0
data\notumor\Tr-no_0044.jpg,0
data\notumor\Tr-no_0045.jpg,0
data\notumor\Tr-no_0046.jpg,0
data\notumor\Tr-no_0047.jpg,0
data\notumor\Tr-no_0048.jpg,0
data\notumor\Tr-no_0049.jpg,0
data\notumor\Tr-no_0050.jpg,0
data\notumor\Tr-no_0051.jpg,0
data\notumor\Tr-no_0052.jpg,0
data\notumor\Tr-no_0053.jpg,0
data\notumor\Tr-no_0054.jpg,0
data\notumor\Tr-no_0055.jpg,0
data\notumor\Tr-no_0056.jpg,0
data\notumor\Tr-no_0057.jpg,0
data\notumor\Tr-no_0058.jpg,0
data\notumor\Tr-no_0059.jpg,0
data\notumor\Tr-no_0060.jpg,0
data\notumor\Tr-no_0061.jpg,0
data\notumor\Tr-no_0062.jpg,0
data\notumor\Tr-no_0063.jpg,0
data\notumor\Tr-no_0064.jpg,0
data\notumor\Tr-no_0065.jpg,0
data\notumor\Tr-no_0066.jpg,0
data\notumor\Tr-no_0067.jpg,0
data\notumor\Tr-no_0068.jpg,0
data\notumor\Tr-no_0069.jpg,0
data\notumor\Tr-no_0070.jpg,0
data\notumor\Tr-no_0071.jpg,0
data\notumor\Tr-no_0072.jpg,0
data\notumor\Tr-no_0073.jpg,0
data\notumor\Tr-no_0074.jpg,0
data\notumor\Tr-no_0075.jpg,0
data\notumor\Tr-no_0076.jpg,0
data\notumor\Tr-no_0077.jpg,0
data\notumor\Tr-no_0078.jpg,0
data\notumor\Tr-no_0079.jpg,0
data\notumor\Tr-no_0080.jpg,0
data\notumor\Tr-no_0081.jpg,0
data\notumor\Tr-no_0082.jpg,0
data\notumor\Tr-no_0083.jpg,0
data\notumor\Tr-no_0084.jpg,0
data\notumor\Tr-no_0085.jpg,0
data\notumor\Tr-no_0086.jpg,0
data\notumor\Tr-no_0087.jpg,0
data\notumor\Tr-no_0088.jpg,0
data\notumor\Tr-no_0089.jpg,0
data\notumor\Tr-no_0090.jpg,0
data\notumor\Tr-no_0091.jpg,0
data\notumor\Tr-no_0092.jpg,0
data\notumor\Tr-no_0093.jpg,0
data\notumor\Tr-no_0094.jpg,0
data\notumor\Tr-no_0095.jpg,0
data\notumor\Tr-no_0096.jpg,0
data\notumor\Tr-no_0097.jpg,0
data\notumor\Tr-no_0098.jpg,0
data\notumor\Tr-no_0099.jpg,0
data\notumor\Tr-no_0100.jpg,0
data\notumor\Tr-no_0101.jpg,0
data\notumor\Tr-no_0102.jpg,0
data\notumor\Tr-no_0103.jpg,0
data\notumor\Tr-no_0104.jpg,0
data\notumor\Tr-no_0105.jpg,0
data\notumor\Tr-no_0106.jpg,0
data\notumor\Tr-no_0107.jpg,0
data\notumor\Tr-no_0108.jpg,0
data\notumor\Tr-no_0109.jpg,0
data\notumor\Tr-no_0110.jpg,0
data\notumor\Tr-no_0111.jpg,0
data\notumor\Tr-no_0112.jpg,0
data\notumor\Tr-no_0113.jpg,0
data\notumor\Tr-no_0114.jpg,0
data\notumor\Tr-no_0115.jpg,0
data\notumor\Tr-no_0116.jpg,0
data\notumor\Tr-no_0117.jpg,0
data\notumor\Tr-no_0118.jpg,0
data\notumor\Tr-no_0119.jpg,0
data\notumor\Tr-no_0120.jpg,0
data\notumor\Tr-no_0121.jpg,0
data\notumor\Tr-no_0122.jpg,0
data\notumor\Tr-no_0123.jpg,0
data\notumor\Tr-no_0124.jpg,0
data\notumor\Tr-no_0125.jpg,0
data\notumor\Tr-no_0126.jpg,0
data\notumor\Tr-no_0127.jpg,0
data\notumor\Tr-no_0128.jpg,0
data\notumor\Tr-no_0129.jpg,0
data\notumor\Tr-no_0130.jpg,0
data\notumor\Tr-no_0131.jpg,0
data\notumor\Tr-no_0132.jpg,0
data\notumor\Tr-no_0133.jpg,0
data\notumor\Tr-no_0134.jpg,0
data\notumor\Tr-no_0135.jpg,0
data\notumor\Tr-no_0136.jpg,0
data\notumor\Tr-no_0137.jpg,0
data\notumor\Tr-no_0138.jpg,0
data\notumor\Tr-no_0139.jpg,0
data\notumor\Tr-no_0140.jpg,0
data\notumor\Tr-no_0141.jpg,0
data\notumor\Tr-no_0142.jpg,0
data\notumor\Tr-no_0143.jpg,0
data\notumor\Tr-no_0144.jpg,0
data\notumor\Tr-no_0145.jpg,0
data\notumor\Tr-no_0146.jpg,0
data\notumor\Tr-no_0147.jpg,0
data\notumor\Tr-no_0148.jpg,0
data\notumor\Tr-no_0149.jpg,0
data\notumor\Tr-no_0150.jpg,0
data\notumor\Tr-no_0151.jpg,0
data\notumor\Tr-no_0152.jpg,0
data\notumor\Tr-no_0153.jpg,0
data\notumor\Tr-no_0154.jpg,0
data\notumor\Tr-no_0155.jpg,0
data\notumor\Tr-no_0156.jpg,0
data\notumor\Tr-no_0157.jpg,0
data\notumor\Tr-no_0158.jpg,0
data\notumor\Tr-no_0159.jpg,0
data\notumor\Tr-no_0160.jpg,0
data\notumor\Tr-no_0161.jpg,0
data\notumor\Tr-no_0162.jpg,0
data\notumor\Tr-no_0163.jpg,0
data\notumor\Tr-no_0164.jpg,0
data\notumor\Tr-no_0165.jpg,0
data\notumor\Tr-no_0166.jpg,0
data\notumor\Tr-no_0167.jpg,0
data\notumor\Tr-no_0168.jpg,0
data\notumor\Tr-no_0169.jpg,0
data\notumor\Tr-no_0170.jpg,0
data\notumor\Tr-no_0171.jpg,0
data\notumor\Tr-no_0172.jpg,0
data\notumor\Tr-no_0173.jpg,0
data\notumor\Tr-no_0174.jpg,0
data\notumor\Tr-no_0175.jpg,0
data\notumor\Tr-no_0176.jpg,0
data\notumor\Tr-no_0177.jpg,0
data\notumor\Tr-no_0178.jpg,0
data\notumor\Tr-no_0179.jpg,0
data\notumor\Tr-no_0180.jpg,0
data\notumor\Tr-no_0181.jpg,0
data\notumor\Tr-no_0182.jpg,0
data\notumor\Tr-no_0183.jpg,0
data\notumor\Tr-no_0184.jpg,0
data\notumor\Tr-no_0185.jpg,0
data\notumor\Tr-no_0186.jpg,0
data\notumor\Tr-no_0187.jpg,0
data\notumor\Tr-no_0188.jpg,0
data\notumor\Tr-no_0189.jpg,0
data\notumor\Tr-no_0190.jpg,0
data\notumor\Tr-no_0191.jpg,0
data\notumor\Tr-no_0192.jpg,0
data\notumor\Tr-no_0193.jpg,0
data\notumor\Tr-no_0194.jpg,0
data\notumor\Tr-no_0195.jpg,0
data\notumor\Tr-no_0196.jpg,0
data\notumor\Tr-no_0197.jpg,0
data\notumor\Tr-no_0198.jpg,0
data\notumor\Tr-no_0199.jpg,0
data\notumor\Tr-no_0200.jpg,0
data\notumor\Tr-no_0201.jpg,0
data\notumor\Tr-no_0202.jpg,0
data\notumor\Tr-no_0203.jpg,0
data\notumor\Tr-no_0204.jpg,0
data\notumor\Tr-no_0205.jpg,0
data\notumor\Tr-no_0206.jpg,0
data\notumor\Tr-no_0207.jpg,0
data\notumor\Tr-no_0208.jpg,0
data\notumor\Tr-no_0209.jpg,0
data\notumor\Tr-no_0210.jpg,0
data\notumor\Tr-no_0211.jpg,0
data\notumor\Tr-no_0212.jpg,0
data\notumor\Tr-no_0213.jpg,0
data\notumor\Tr-no_0214.jpg,0
data\notumor\Tr-no_0215.jpg,0
data\notumor\Tr-no_0216.jpg,0
data\notumor\Tr-no_0217.jpg,0
data\notumor\Tr-no_0218.jpg,0
data\notumor\Tr-no_0219.jpg,0
data\notumor\Tr-no_0220.jpg,0
data\notumor\Tr-no_0221.jpg,0
data\notumor\Tr-no_0222.jpg,0
data\notumor\Tr-no_0223.jpg,0
data\notumor\Tr-no_0224.jpg,0
data\notumor\Tr-no_0225.jpg,0
data\notumor\Tr-no_0226.jpg,0
data\notumor\Tr-no_0227.jpg,0
data\notumor\Tr-no_0228.jpg,0
data\notumor\Tr-no_0229.jpg,0
data\notumor\Tr-no_0230.jpg,0
data\notumor\Tr-no_0231.jpg,0
data\notumor\Tr-no_0232.jpg,0
data\notumor\Tr-no_0233.jpg,0
data\notumor\Tr-no_0234.jpg,0
data\notumor\Tr-no_0235.jpg,0
data\notumor\Tr-no_0236.jpg,0
data\notumor\Tr-no_0237.jpg,0
data\notumor\Tr-no_0238.jpg,0
data\notumor\Tr-no_0239.jpg,0
data\notumor\Tr-no_0240.jpg,0
data\notumor\Tr-no_0241.jpg,0
data\notumor\Tr-no_0242.jpg,0
data\notumor\Tr-no_0243.jpg,0
data\notumor\Tr-no_0244.jpg,0
data\notumor\Tr-no_0245.jpg,0
data\notumor\Tr-no_0246.jpg,0
data\notumor\Tr-no_0247.jpg,0
data\notumor\Tr-no_0248.jpg,0
data\notumor\Tr-no_0249.jpg,0
data\notumor\Tr-no_0250.jpg,0
data\notumor\Tr-no_0251.jpg,0
data\notumor\Tr-no_0252.jpg,0
data\notumor\Tr-no_0253.jpg,0
data\notumor\Tr-no_0254.jpg,0
data\notumor\Tr-no_0255.jpg,0
data\notumor\Tr-no_0256.jpg,0
data\notumor\Tr-no_0257.jpg,0
data\notumor\Tr-no_0258.jpg,0
data\notumor\Tr-no_0259.jpg,0
data\notumor\Tr-no_0260.jpg,0
data\notumor\Tr-no_0261.jpg,0
data\notumor\Tr-no_0262.jpg,0
data\notumor\Tr-no_0263.jpg,0
data\notumor\Tr-no_0264.jpg,0
data\notumor\Tr-no_0265.jpg,0
data\notumor\Tr-no_0266.jpg,0
data\notumor\Tr-no_0267.jpg,0
data\notumor\Tr-no_0268.jpg,0
data\notumor\Tr-no_0269.jpg,0
data\notumor\Tr-no_0270.jpg,0
data\notumor\Tr-no_0271.jpg,0
data\notumor\Tr-no_0272.jpg,0
data\notumor\Tr-no_0273.jpg,0
data\notumor\Tr-no_0274.jpg,0
data\notumor\Tr-no_0275.jpg,0
data\notumor\Tr-no_0276.jpg,0
data\notumor\Tr-no_0277.jpg,0
data\notumor\Tr-no_0278.jpg,0
data\notumor\Tr-no_0279.jpg,0
data\notumor\Tr-no_0280.jpg,0
data\notumor\Tr-no_0281.jpg,0
data\notumor\Tr-no_0282.jpg,0
data\notumor\Tr-no_0283.jpg,0
data\notumor\Tr-no_0284.jpg,0
data\notumor\Tr-no_0285.jpg,0
data\notumor\Tr-no_0286.jpg,0
data\notumor\Tr-no_0287.jpg,0
data\notumor\Tr-no_0288.jpg,0
data\notumor\Tr-no_0289.jpg,0
data\notumor\Tr-no_0290.jpg,0
data\notumor\Tr-no_0291.jpg,0
data\notumor\Tr-no_0292.jpg,0
data\notumor\Tr-no_0293.jpg,0
data\notumor\Tr-no_0294.jpg,0
data\notumor\Tr-no_0295.jpg,0
data\notumor\Tr-no_0296.jpg,0
data\notumor\Tr-no_0297.jpg,0
data\notumor\Tr-no_0298.jpg,0
data\notumor\Tr-no_0299.jpg,0
data\notumor\Tr-no_0300.jpg,0
data\notumor\Tr-no_0301.jpg,0
data\notumor\Tr-no_0302.jpg,0
data\notumor\Tr-no_0303.jpg,0
data\notumor\Tr-no_0304.jpg,0
data\notumor\Tr-no_0305.jpg,0
data\notumor\Tr-no_0306.jpg,0
data\notumor\Tr-no_0307.jpg,0
data\notumor\Tr-no_0308.jpg,0
data\notumor\Tr-no_0309.jpg,0
data\notumor\Tr-no_0310.jpg,0
data\notumor\Tr-no_0311.jpg,0
data\notumor\Tr-no_0312.jpg,0
data\notumor\Tr-no_0313.jpg,0
data\notumor\Tr-no_0314.jpg,0
data\notumor\Tr-no_0315.jpg,0
data\notumor\Tr-no_0316.jpg,0
data\notumor\Tr-no_0317.jpg,0
data\notumor\Tr-no_0318.jpg,0
data\notumor\Tr-no_0319.jpg,0
data\notumor\Tr-no_0320.jpg,0
data\notumor\Tr-no_0321.jpg,0
data\notumor\Tr-no_0322.jpg,0
data\notumor\Tr-no_0323.jpg,0
data\notumor\Tr-no_0324.jpg,0
data\notumor\Tr-no_0325.jpg,0
data\notumor\Tr-no_0326.jpg,0
data\notumor\Tr-no_0327.jpg,0
data\notumor\Tr-no_0328.jpg,0
data\notumor\Tr-no_0329.jpg,0
data\notumor\Tr-no_0330.jpg,0
data\notumor\Tr-no_0331.jpg,0
data\notumor\Tr-no_0332.jpg,0
data\notumor\Tr-no_0333.jpg,0
data\notumor\Tr-no_0334.jpg,0
data\notumor\Tr-no_0335.jpg,0
data\notumor\Tr-no_0336.jpg,0
data\notumor\Tr-no_0337.jpg,0
data\notumor\Tr-no_0338.jpg,0
data\notumor\Tr-no_0339.jpg,0
data\notumor\Tr-no_0340.jpg,0
data\notumor\Tr-no_0341.jpg,0
data\notumor\Tr-no_0342.jpg,0
data\notumor\Tr-no_0343.jpg,0
data\notumor\Tr-no_0344.jpg,0
data\notumor\Tr-no_0345.jpg,0
data\notumor\Tr-no_0346.jpg,0
data\notumor\Tr-no_0347.jpg,0
data\notumor\Tr-no_0348.jpg,0
data\notumor\Tr-no_0349.jpg,0
data\notumor\Tr-no_0350.jpg,0
data\notumor\Tr-no_0351.jpg,0
data\notumor\Tr-no_0352.jpg,0
data\notumor\Tr-no_0353.jpg,0
data\notumor\Tr-no_0354.jpg,0
data\notumor\Tr-no_0355.jpg,0
data\notumor\Tr-no_0356.jpg,0
data\notumor\Tr-no_0357.jpg,0
data\notumor\Tr-no_0358.jpg,0
data\notumor\Tr-no_0359.jpg,0
data\notumor\Tr-no_0360.jpg,0
data\notumor\Tr-no_0361.jpg,0
data\notumor\Tr-no_0362.jpg,0
data\notumor\Tr-no_0363.jpg,0
data\notumor\Tr-no_0364.jpg,0
data\notumor\Tr-no_0365.jpg,0
data\notumor\Tr-no_0366.jpg,0
data\notumor\Tr-no_0367.jpg,0
data\notumor\Tr-no_0368.jpg,0
data\notumor\Tr-no_0369.jpg,0
data\notumor\Tr-no_0370.jpg,0
data\notumor\Tr-no_0371.jpg,0
data\notumor\Tr-no_0372.jpg,0
data\notumor\Tr-no_0373.jpg,0
data\notumor\Tr-no_0374.jpg,0
data\notumor\Tr-no_0375.jpg,0
data\notumor\Tr-no_0376.jpg,0
data\notumor\Tr-no_0377.jpg,0
data\notumor\Tr-no_0378.jpg,0
data\notumor\Tr-no_0379.jpg,0
data\notumor\Tr-no_0380.jpg,0
data\notumor\Tr-no_0381.jpg,0
data\notumor\Tr-no_0382.jpg,0
data\notumor\Tr-no_0383.jpg,0
data\notumor\Tr-no_0384.jpg,0
data\notumor\Tr-no_0385.jpg,0
data\notumor\Tr-no_0386.jpg,0
data\notumor\Tr-no_0387.jpg,0
data\notumor\Tr-no_0388.jpg,0
data\notumor\Tr-no_0389.jpg,0
data\notumor\Tr-no_0390.jpg,0
data\notumor\Tr-no_0391.jpg,0
data\notumor\Tr-no_0392.jpg,0
data\notumor\Tr-no_0393.jpg,0
data\notumor\Tr-no_0394.jpg,0
data\notumor\Tr-no_0395.jpg,0
data\notumor\Tr-no_0396.jpg,0
data\notumor\Tr-no_0397.jpg,0
data\notumor\Tr-no_0398.jpg,0
data\notumor\Tr-no_0399.jpg,0
data\notumor\Tr-no_0400.jpg,0
data\notumor\Tr-no_0401.jpg,0
data\notumor\Tr-no_0402.jpg,0
data\notumor\Tr-no_0403.jpg,0
data\notumor\Tr-no_0404.jpg,0
data\notumor\Tr-no_0405.jpg,0
data\notumor\Tr-no_0406.jpg,0
data\notumor\Tr-no_0407.jpg,0
data\notumor\Tr-no_0408.jpg,0
data\notumor\Tr-no_0409.jpg,0
data\notumor\Tr-no_0410.jpg,0
data\notumor\Tr-no_0411.jpg,0
data\notumor\Tr-no_0412.jpg,0
data\notumor\Tr-no_0413.jpg,0
data\notumor\Tr-no_0414.jpg,0
data\notumor\Tr-no_0415.jpg,0
data\notumor\Tr-no_0416.jpg,0
data\notumor\Tr-no_0417.jpg,0
data\notumor\Tr-no_0418.jpg,0
data\notumor\Tr-no_0419.jpg,0
data\notumor\Tr-no_0420.jpg,0
data\notumor\Tr-no_0421.jpg,0
data\notumor\Tr-no_0422.jpg,0
data\notumor\Tr-no_0423.jpg,0
data\notumor\Tr-no_0424.jpg,0
data\notumor\Tr-no_0425.jpg,0
data\notumor\Tr-no_0426.jpg,0
data\notumor\Tr-no_0427.jpg,0
data\notumor\Tr-no_0428.jpg,0
data\notumor\Tr-no_0429.jpg,0
data\notumor\Tr-no_0430.jpg,0
data\notumor\Tr-no_0431.jpg,0
data\notumor\Tr-no_0432.jpg,0
data\notumor\Tr-no_0433.jpg,0
data\notumor\Tr-no_0434.jpg,0
data\notumor\Tr-no_0435.jpg,0
data\notumor\Tr-no_0436.jpg,0
data\notumor\Tr-no_0437.jpg,0
data\notumor\Tr-no_0438.jpg,0
data\notumor\Tr-no_0439.jpg,0
data\notumor\Tr-no_0440.jpg,0
data\notumor\Tr-no_0441.jpg,0
data\notumor\Tr-no_0442.jpg,0
data\notumor\Tr-no_0443.jpg,0
data\notumor\Tr-no_0444.jpg,0
data\notumor\Tr-no_0445.jpg,0
data\notumor\Tr-no_0446.jpg,0
data\notumor\Tr-no_0447.jpg,0
data\notumor\Tr-no_0448.jpg,0
data\notumor\Tr-no_0449.jpg,0
data\notumor\Tr-no_0450.jpg,0
data\notumor\Tr-no_0451.jpg,0
data\notumor\Tr-no_0452.jpg,0
data\notumor\Tr-no_0453.jpg,0
data\notumor\Tr-no_0454.jpg,0
data\notumor\Tr-no_0455.jpg,0
data\notumor\Tr-no_0456.jpg,0
data\notumor\Tr-no_0457.jpg,0
data\notumor\Tr-no_0458.jpg,0
data\notumor\Tr-no_0459.jpg,0
data\notumor\Tr-no_0460.jpg,0
data\notumor\Tr-no_0461.jpg,0
data\notumor\Tr-no_0462.jpg,0
data\notumor\Tr-no_0463.jpg,0
data\notumor\Tr-no_0464.jpg,0
data\notumor\Tr-no_0465.jpg,0
data\notumor\Tr-no_0466.jpg,0
data\notumor\Tr-no_0467.jpg,0
data\notumor\Tr-no_0468.jpg,0
data\notumor\Tr-no_0469.jpg,0
data\notumor\Tr-no_0470.jpg,0
data\notumor\Tr-no_0471.jpg,0
data\notumor\Tr-no_0472.jpg,0
data\notumor\Tr-no_0473.jpg,0
data\notumor\Tr-no_0474.jpg,0
data\notumor\Tr-no_0475.jpg,0
data\notumor\Tr-no_0476.jpg,0
data\notumor\Tr-no_0477.jpg,0
data\notumor\Tr-no_0478.jpg,0
data\notumor\Tr-no_0479.jpg,0
data\notumor\Tr-no_0480.jpg,0
data\notumor\Tr-no_0481.jpg,0
data\notumor\Tr-no_0482.jpg,0
data\notumor\Tr-no_0483.jpg,0
data\notumor\Tr-no_0484.jpg,0
data\notumor\Tr-no_0485.jpg,0
data\notumor\Tr-no_0486.jpg,0
data\notumor\Tr-no_0487.jpg,0
data\notumor\Tr-no_0488.jpg,0
data\notumor\Tr-no_0489.jpg,0
data\notumor\Tr-no_0490.jpg,0
data\notumor\Tr-no_0491.jpg,0
data\notumor\Tr-no_0492.jpg,0
data\notumor\Tr-no_0493.jpg,0
data\notumor\Tr-no_0494.jpg,0
data\notumor\Tr-no_0495.jpg,0
data\notumor\Tr-no_0496.jpg,0
data\notumor\Tr-no_0497.jpg,0
data\notumor\Tr-no_0498.jpg,0
data\notumor\Tr-no_0499.jpg,0
data\notumor\Tr-no_0500.jpg,0
data\notumor\Tr-no_0501.jpg,0
data\notumor\Tr-no_0502.jpg,0
data\notumor\Tr-no_0503.jpg,0
data\notumor\Tr-no_0504.jpg,0
data\notumor\Tr-no_0505.jpg,0
data\notumor\Tr-no_0506.jpg,0
data\notumor\Tr-no_0507.jpg,0
data\notumor\Tr-no_0508.jpg,0
data\notumor\Tr-no_0509.jpg,0
data\notumor\Tr-no_0510.jpg,0
data\notumor\Tr-no_0511.jpg,0
data\notumor\Tr-no_0512.jpg,0
data\notumor\Tr-no_0513.jpg,0
data\notumor\Tr-no_0514.jpg,0
data\notumor\Tr-no_0515.jpg,0
data\notumor\Tr-no_0516.jpg,0
data\notumor\Tr-no_0517.jpg,0
data\notumor\Tr-no_0518.jpg,0
data\notumor\Tr-no_0519.jpg,0
data\notumor\Tr-no_0520.jpg,0
data\notumor\Tr-no_0521.jpg,0
data\notumor\Tr-no_0522.jpg,0
data\notumor\Tr-no_0523.jpg,0
data\notumor\Tr-no_0524.jpg,0
data\notumor\Tr-no_0525.jpg,0
data\notumor\Tr-no_0526.jpg,0
data\notumor\Tr-no_0527.jpg,0
data\notumor\Tr-no_0528.jpg,0
data\notumor\Tr-no_0529.jpg,0
data\notumor\Tr-no_0530.jpg,0
data\notumor\Tr-no_0531.jpg,0
data\notumor\Tr-no_0532.jpg,0
data\notumor\Tr-no_0533.jpg,0
data\notumor\Tr-no_0534.jpg,0
data\notumor\Tr-no_0535.jpg,0
data\notumor\Tr-no_0536.jpg,0
data\notumor\Tr-no_0537.jpg,0
data\notumor\Tr-no_0538.jpg,0
data\notumor\Tr-no_0539.jpg,0
data\notumor\Tr-no_0540.jpg,0
data\notumor\Tr-no_0541.jpg,0
data\notumor\Tr-no_0542.jpg,0
data\notumor\Tr-no_0543.jpg,0
data\notumor\Tr-no_0544.jpg,0
data\notumor\Tr-no_0545.jpg,0
data\notumor\Tr-no_0546.jpg,0
data\notumor\Tr-no_0547.jpg,0
data\notumor\Tr-no_0548.jpg,0
data\notumor\Tr-no_0549.jpg,0
data\notumor\Tr-no_0550.jpg,0
data\notumor\Tr-no_0551.jpg,0
data\notumor\Tr-no_0552.jpg,0
data\notumor\Tr-no_0553.jpg,0
data\notumor\Tr-no_0554.jpg,0
data\notumor\Tr-no_0555.jpg,0
data\notumor\Tr-no_0556.jpg,0
data\notumor\Tr-no_0557.jpg,0
data\notumor\Tr-no_0558.jpg,0
data\notumor\Tr-no_0559.jpg,0
data\notumor\Tr-no_0560.jpg,0
data\notumor\Tr-no_0561.jpg,0
data\notumor\Tr-no_0562.jpg,0
data\notumor\Tr-no_0563.jpg,0
data\notumor\Tr-no_0564.jpg,0
data\notumor\Tr-no_0565.jpg,0
data\notumor\Tr-no_0566.jpg,0
data\notumor\Tr-no_0567.jpg,0
data\notumor\Tr-no_0568.jpg,0
data\notumor\Tr-no_0569.jpg,0
data\notumor\Tr-no_0570.jpg,0
data\notumor\Tr-no_0571.jpg,0
data\notumor\Tr-no_0572.jpg,0
data\notumor\Tr-no_0573.jpg,0
data\notumor\Tr-no_0574.jpg,0
data\notumor\Tr-no_0575.jpg,0
data\notumor\Tr-no_0576.jpg,0
data\notumor\Tr-no_0577.jpg,0
data\notumor\Tr-no_0578.jpg,0
data\notumor\Tr-no_0579.jpg,0
data\notumor\Tr-no_0580.jpg,0
data\notumor\Tr-no_0581.jpg,0
data\notumor\Tr-no_0582.jpg,0
data\notumor\Tr-no_0583.jpg,0
data\notumor\Tr-no_0584.jpg,0
data\notumor\Tr-no_0585.jpg,0
data\notumor\Tr-no_0586.jpg,0
data\notumor\Tr-no_0587.jpg,0
data\notumor\Tr-no_0588.jpg,0
data\notumor\Tr-no_0589.jpg,0
data\notumor\Tr-no_0590.jpg,0
data\notumor\Tr-no_0591.jpg,0
data\notumor\Tr-no_0592.jpg,0
data\notumor\Tr-no_0593.jpg,0
data\notumor\Tr-no_0594.jpg,0
data\notumor\Tr-no_0595.jpg,0
data\notumor\Tr-no_0596.jpg,0
data\notumor\Tr-no_0597.jpg,0
data\notumor\Tr-no_0598.jpg,0
data\notumor\Tr-no_0599.jpg,0
data\notumor\Tr-no_0600.jpg,0
data\notumor\Tr-no_0601.jpg,0
data\notumor\Tr-no_0602.jpg,0
data\notumor\Tr-no_0603.jpg,0
data\notumor\Tr-no_0604.jpg,0
data\notumor\Tr-no_0605.jpg,0
data\notumor\Tr-no_0606.jpg,0
data\notumor\Tr-no_0607.jpg,0
data\notumor\Tr-no_0608.jpg,0
data\notumor\Tr-no_0609.jpg,0
data\notumor\Tr-no_0610.jpg,0
data\notumor\Tr-no_0611.jpg,0
data\notumor\Tr-no_0612.jpg,0
data\notumor\Tr-no_0613.jpg,0
data\notumor\Tr-no_0614.jpg,0
data\notumor\Tr-no_0615.jpg,0
data\notumor\Tr-no_0616.jpg,0
data\notumor\Tr-no_0617.jpg,0
data\notumor\Tr-no_0618.jpg,0
data\notumor\Tr-no_0619.jpg,0
data\notumor\Tr-no_0620.jpg,0
data\notumor\Tr-no_0621.jpg,0
data\notumor\Tr-no_0622.jpg,0
data\notumor\Tr-no_0623.jpg,0
data\notumor\Tr-no_0624.jpg,0
data\notumor\Tr-no_0625.jpg,0
data\notumor\Tr-no_0626.jpg,0
data\notumor\Tr-no_0627.jpg,0
data\notumor\Tr-no_0628.jpg,0
data\notumor\Tr-no_0629.jpg,0
data\notumor\Tr-no_0630.jpg,0
data\notumor\Tr-no_0631.jpg,0
data\notumor\Tr-no_0632.jpg,0
data\notumor\Tr-no_0633.jpg,0
data\notumor\Tr-no_0634.jpg,0
data\notumor\Tr-no_0635.jpg,0
data\notumor\Tr-no_0636.jpg,0
data\notumor\Tr-no_0637.jpg,0
data\notumor\Tr-no_0638.jpg,0
data\notumor\Tr-no_0639.jpg,0
data\notumor\Tr-no_0640.jpg,0
data\notumor\Tr-no_0641.jpg,0
data\notumor\Tr-no_0642.jpg,0
data\notumor\Tr-no_0643.jpg,0
data\notumor\Tr-no_0644.jpg,0
data\notumor\Tr-no_0645.jpg,0
data\notumor\Tr-no_0646.jpg,0
data\notumor\Tr-no_0647.jpg,0
data\notumor\Tr-no_0648.jpg,0
data\notumor\Tr-no_0649.jpg,0
data\notumor\Tr-no_0650.jpg,0
data\notumor\Tr-no_0651.jpg,0
data\notumor\Tr-no_0652.jpg,0
data\notumor\Tr-no_0653.jpg,0
data\notumor\Tr-no_0654.jpg,0
data\notumor\Tr-no_0655.jpg,0
data\notumor\Tr-no_0656.jpg,0
data\notumor\Tr-no_0657.jpg,0
data\notumor\Tr-no_0658.jpg,0
data\notumor\Tr-no_0659.jpg,0
data\notumor\Tr-no_0660.jpg,0
data\notumor\Tr-no_0661.jpg,0
data\notumor\Tr-no_0662.jpg,0
data\notumor\Tr-no_0663.jpg,0
data\notumor\Tr-no_0664.jpg,0
data\notumor\Tr-no_0665.jpg,0
data\notumor\Tr-no_0666.jpg,0
data\notumor\Tr-no_0667.jpg,0
data\notumor\Tr-no_0668.jpg,0
data\notumor\Tr-no_0669.jpg,0
data\notumor\Tr-no_0670.jpg,0
data\notumor\Tr-no_0671.jpg,0
data\notumor\Tr-no_0672.jpg,0
data\notumor\Tr-no_0673.jpg,0
data\notumor\Tr-no_0674.jpg,0
data\notumor\Tr-no_0675.jpg,0
data\notumor\Tr-no_0676.jpg,0
data\notumor\Tr-no_0677.jpg,0
data\notumor\Tr-no_0678.jpg,0
data\notumor\Tr-no_0679.jpg,0
data\notumor\Tr-no_0680.jpg,0
data\notumor\Tr-no_0681.jpg,0
data\notumor\Tr-no_0682.jpg,0
data\notumor\Tr-no_0683.jpg,0
data\notumor\Tr-no_0684.jpg,0
data\notumor\Tr-no_0685.jpg,0
data\notumor\Tr-no_0686.jpg,0
data\notumor\Tr-no_0687.jpg,0
data\notumor\Tr-no_0688.jpg,0
data\notumor\Tr-no_0689.jpg,0
data\notumor\Tr-no_0690.jpg,0
data\notumor\Tr-no_0691.jpg,0
data\notumor\Tr-no_0692.jpg,0
data\notumor\Tr-no_0693.jpg,0
data\notumor\Tr-no_0694.jpg,0
data\notumor\Tr-no_0695.jpg,0
data\notumor\Tr-no_0696.jpg,0
data\notumor\Tr-no_0697.jpg,0
data\notumor\Tr-no_0698.jpg,0
data\notumor\Tr-no_0699.jpg,0
data\notumor\Tr-no_0700.jpg,0
data\notumor\Tr-no_0701.jpg,0
data\notumor\Tr-no_0702.jpg,0
data\notumor\Tr-no_0703.jpg,0
data\notumor\Tr-no_0704.jpg,0
data\notumor\Tr-no_0705.jpg,0
data\notumor\Tr-no_0706.jpg,0
data\notumor\Tr-no_0707.jpg,0
data\notumor\Tr-no_0708.jpg,0
data\notumor\Tr-no_0709.jpg,0
data\notumor\Tr-no_0710.jpg,0
data\notumor\Tr-no_0711.jpg,0
data\notumor\Tr-no_0712.jpg,0
data\notumor\Tr-no_0713.jpg,0
data\notumor\Tr-no_0714.jpg,0
data\notumor\Tr-no_0715.jpg,0
data\notumor\Tr-no_0716.jpg,0
data\notumor\Tr-no_0717.jpg,0
data\notumor\Tr-no_0718.jpg,0
data\notumor\Tr-no_0719.jpg,0
data\notumor\Tr-no_0720.jpg,0
data\notumor\Tr-no_0721.jpg,0
data\notumor\Tr-no_0722.jpg,0
data\notumor\Tr-no_0723.jpg,0
data\notumor\Tr-no_0724.jpg,0
data\notumor\Tr-no_0725.jpg,0
data\notumor\Tr-no_0726.jpg,0
data\notumor\Tr-no_0727.jpg,0
data\notumor\Tr-no_0728.jpg,0
data\notumor\Tr-no_0729.jpg,0
data\notumor\Tr-no_0730.jpg,0
data\notumor\Tr-no_0731.jpg,0
data\notumor\Tr-no_0732.jpg,0
data\notumor\Tr-no_0733.jpg,0
data\notumor\Tr-no_0734.jpg,0
data\notumor\Tr-no_0735.jpg,0
data\notumor\Tr-no_0736.jpg,0
data\notumor\Tr-no_0737.jpg,0
data\notumor\Tr-no_0738.jpg,0
data\notumor\Tr-no_0739.jpg,0
data\notumor\Tr-no_0740.jpg,0
data\notumor\Tr-no_0741.jpg,0
data\notumor\Tr-no_0742.jpg,0
data\notumor\Tr-no_0743.jpg,0
data\notumor\Tr-no_0744.jpg,0
data\notumor\Tr-no_0745.jpg,0
data\notumor\Tr-no_0746.jpg,0
data\notumor\Tr-no_0747.jpg,0
data\notumor\Tr-no_0748.jpg,0
data\notumor\Tr-no_0749.jpg,0
data\notumor\Tr-no_0750.jpg,0
data\notumor\Tr-no_0751.jpg,0
data\notumor\Tr-no_0752.jpg,0
data\notumor\Tr-no_0753.jpg,0
data\notumor\Tr-no_0754.jpg,0
data\notumor\Tr-no_0755.jpg,0
data\notumor\Tr-no_0756.jpg,0
data\notumor\Tr-no_0757.jpg,0
data\notumor\Tr-no_0758.jpg,0
data\notumor\Tr-no_0759.jpg,0
data\notumor\Tr-no_0760.jpg,0
data\notumor\Tr-no_0761.jpg,0
data\notumor\Tr-no_0762.jpg,0
data\notumor\Tr-no_0763.jpg,0
data\notumor\Tr-no_0764.jpg,0
data\notumor\Tr-no_0765.jpg,0
data\notumor\Tr-no_0766.jpg,0
data\notumor\Tr-no_0767.jpg,0
data\notumor\Tr-no_0768.jpg,0
data\notumor\Tr-no_0769.jpg,0
data\notumor\Tr-no_0770.jpg,0
data\notumor\Tr-no_0771.jpg,0
data\notumor\Tr-no_0772.jpg,0
data\notumor\Tr-no_0773.jpg,0
data\notumor\Tr-no_0774.jpg,0
data\notumor\Tr-no_0775.jpg,0
data\notumor\Tr-no_0776.jpg,0
data\notumor\Tr-no_0777.jpg,0
data\notumor\Tr-no_0778.jpg,0
data\notumor\Tr-no_0779.jpg,0
data\notumor\Tr-no_0780.jpg,0
data\notumor\Tr-no_0781.jpg,0
data\notumor\Tr-no_0782.jpg,0
data\notumor\Tr-no_0783.jpg,0
data\notumor\Tr-no_0784.jpg,0
data\notumor\Tr-no_0785.jpg,0
data\notumor\Tr-no_0786.jpg,0
data\notumor\Tr-no_0787.jpg,0
data\notumor\Tr-no_0788.jpg,0
data\notumor\Tr-no_0789.jpg,0
data\notumor\Tr-no_0790.jpg,0
data\notumor\Tr-no_0791.jpg,0
data\notumor\Tr-no_0792.jpg,0
data\notumor\Tr-no_0793.jpg,0
data\notumor\Tr-no_0794.jpg,0
data\notumor\Tr-no_0795.jpg,0
data\notumor\Tr-no_0796.jpg,0
data\notumor\Tr-no_0797.jpg,0
data\notumor\Tr-no_0798.jpg,0
data\notumor\Tr-no_0799.jpg,0
data\notumor\Tr-no_0800.jpg,0
data\notumor\Tr-no_0801.jpg,0
data\notumor\Tr-no_0802.jpg,0
data\notumor\Tr-no_0803.jpg,0
data\notumor\Tr-no_0804.jpg,0
data\notumor\Tr-no_0805.jpg,0
data\notumor\Tr-no_0806.jpg,0
data\notumor\Tr-no_0807.jpg,0
data\notumor\Tr-no_0808.jpg,0
data\notumor\Tr-no_0809.jpg,0
data\notumor\Tr-no_0810.jpg,0
data\notumor\Tr-no_0811.jpg,0
data\notumor\Tr-no_0812.jpg,0
data\notumor\Tr-no_0813.jpg,0
data\notumor\Tr-no_0814.jpg,0
data\notumor\Tr-no_0815.jpg,0
data\notumor\Tr-no_0816.jpg,0
data\notumor\Tr-no_0817.jpg,0
data\notumor\Tr-no_0818.jpg,0
data\notumor\Tr-no_0819.jpg,0
data\notumor\Tr-no_0820.jpg,0
data\notumor\Tr-no_0821.jpg,0
data\notumor\Tr-no_0822.jpg,0
data\notumor\Tr-no_0823.jpg,0
data\notumor\Tr-no_0824.jpg,0
data\notumor\Tr-no_0825.jpg,0
data\notumor\Tr-no_0826.jpg,0
data\notumor\Tr-no_0827.jpg,0
data\notumor\Tr-no_0828.jpg,0
data\notumor\Tr-no_0829.jpg,0
data\notumor\Tr-no_0830.jpg,0
data\notumor\Tr-no_0831.jpg,0
data\notumor\Tr-no_0832.jpg,0
data\notumor\Tr-no_0833.jpg,0
data\notumor\Tr-no_0834.jpg,0
data\notumor\Tr-no_0835.jpg,0
data\notumor\Tr-no_0836.jpg,0
data\notumor\Tr-no_0837.jpg,0
data\notumor\Tr-no_0838.jpg,0
data\notumor\Tr-no_0839.jpg,0
data\notumor\Tr-no_0840.jpg,0
data\notumor\Tr-no_0841.jpg,0
data\notumor\Tr-no_0842.jpg,0
data\notumor\Tr-no_0843.jpg,0
data\notumor\Tr-no_0844.jpg,0
data\notumor\Tr-no_0845.jpg,0
data\notumor\Tr-no_0846.jpg,0
data\notumor\Tr-no_0847.jpg,0
data\notumor\Tr-no_0848.jpg,0
data\notumor\Tr-no_0849.jpg,0
data\notumor\Tr-no_0850.jpg,0
data\notumor\Tr-no_0851.jpg,0
data\notumor\Tr-no_0852.jpg,0
data\notumor\Tr-no_0853.jpg,0
data\notumor\Tr-no_0854.jpg,0
data\notumor\Tr-no_0855.jpg,0
data\notumor\Tr-no_0856.jpg,0
data\notumor\Tr-no_0857.jpg,0
data\notumor\Tr-no_0858.jpg,0
data\notumor\Tr-no_0859.jpg,0
data\notumor\Tr-no_0860.jpg,0
data\notumor\Tr-no_0861.jpg,0
data\notumor\Tr-no_0862.jpg,0
data\notumor\Tr-no_0863.jpg,0
data\notumor\Tr-no_0864.jpg,0
data\notumor\Tr-no_0865.jpg,0
data\notumor\Tr-no_0866.jpg,0
data\notumor\Tr-no_0867.jpg,0
data\notumor\Tr-no_0868.jpg,0
data\notumor\Tr-no_0869.jpg,0
data\notumor\Tr-no_0870.jpg,0
data\notumor\Tr-no_0871.jpg,0
data\notumor\Tr-no_0872.jpg,0
data\notumor\Tr-no_0873.jpg,0
data\notumor\Tr-no_0874.jpg,0
data\notumor\Tr-no_0875.jpg,0
data\notumor\Tr-no_0876.jpg,0
data\notumor\Tr-no_0877.jpg,0
data\notumor\Tr-no_0878.jpg,0
data\notumor\Tr-no_0879.jpg,0
data\notumor\Tr-no_0880.jpg,0
data\notumor\Tr-no_0881.jpg,0
data\notumor\Tr-no_0882.jpg,0
data\notumor\Tr-no_0883.jpg,0
data\notumor\Tr-no_0884.jpg,0
data\notumor\Tr-no_0885.jpg,0
data\notumor\Tr-no_0886.jpg,0
data\notumor\Tr-no_0887.jpg,0
data\notumor\Tr-no_0888.jpg,0
data\notumor\Tr-no_0889.jpg,0
data\notumor\Tr-no_0890.jpg,0
data\notumor\Tr-no_0891.jpg,0
data\notumor\Tr-no_0892.jpg,0
data\notumor\Tr-no_0893.jpg,0
data\notumor\Tr-no_0894.jpg,0
data\notumor\Tr-no_0895.jpg,0
data\notumor\Tr-no_0896.jpg,0
data\notumor\Tr-no_0897.jpg,0
data\notumor\Tr-no_0898.jpg,0
data\notumor\Tr-no_0899.jpg,0
data\notumor\Tr-no_0900.jpg,0
data\notumor\Tr-no_0901.jpg,0
data\notumor\Tr-no_0902.jpg,0
data\notumor\Tr-no_0903.jpg,0
data\notumor\Tr-no_0904.jpg,0
data\notumor\Tr-no_0905.jpg,0
data\notumor\Tr-no_0906.jpg,0
data\notumor\Tr-no_0907.jpg,0
data\notumor\Tr-no_0908.jpg,0
data\notumor\Tr-no_0909.jpg,0
data\notumor\Tr-no_0910.jpg,0
data\notumor\Tr-no_0911.jpg,0
data\notumor\Tr-no_0912.jpg,0
data\notumor\Tr-no_0913.jpg,0
data\notumor\Tr-no_0914.jpg,0
data\notumor\Tr-no_0915.jpg,0
data\notumor\Tr-no_0916.jpg,0
data\notumor\Tr-no_0917.jpg,0
data\notumor\Tr-no_0918.jpg,0
data\notumor\Tr-no_0919.jpg,0
data\notumor\Tr-no_0920.jpg,0
data\notumor\Tr-no_0921.jpg,0
data\notumor\Tr-no_0922.jpg,0
data\notumor\Tr-no_0923.jpg,0
data\notumor\Tr-no_0924.jpg,0
data\notumor\Tr-no_0925.jpg,0
data\notumor\Tr-no_0926.jpg,0
data\notumor\Tr-no_0927.jpg,0
data\notumor\Tr-no_0928.jpg,0
data\notumor\Tr-no_0929.jpg,0
data\notumor\Tr-no_0930.jpg,0
data\notumor\Tr-no_0931.jpg,0
data\notumor\Tr-no_0932.jpg,0
data\notumor\Tr-no_0933.jpg,0
data\notumor\Tr-no_0934.jpg,0
data\notumor\Tr-no_0935.jpg,0
data\notumor\Tr-no_0936.jpg,0
data\notumor\Tr-no_0937.jpg,0
data\notumor\Tr-no_0938.jpg,0
data\notumor\Tr-no_0939.jpg,0
data\notumor\Tr-no_0940.jpg,0
data\notumor\Tr-no_0941.jpg,0
data\notumor\Tr-no_0942.jpg,0
data\notumor\Tr-no_0943.jpg,0
data\notumor\Tr-no_0944.jpg,0
data\notumor\Tr-no_0945.jpg,0
data\notumor\Tr-no_0946.jpg,0
data\notumor\Tr-no_0947.jpg,0
data\notumor\Tr-no_0948.jpg,0
data\notumor\Tr-no_0949.jpg,0
data\notumor\Tr-no_0950.jpg,0
data\notumor\Tr-no_0951.jpg,0
data\notumor\Tr-no_0952.jpg,0
data\notumor\Tr-no_0953.jpg,0
data\notumor\Tr-no_0954.jpg,0
data\notumor\Tr-no_0955.jpg,0
data\notumor\Tr-no_0956.jpg,0
data\notumor\Tr-no_0957.jpg,0
data\notumor\Tr-no_0958.jpg,0
data\notumor\Tr-no_0959.jpg,0
data\notumor\Tr-no_0960.jpg,0
data\notumor\Tr-no_0961.jpg,0
data\notumor\Tr-no_0962.jpg,0
data\notumor\Tr-no_0963.jpg,0
data\notumor\Tr-no_0964.jpg,0
data\notumor\Tr-no_0965.jpg,0
data\notumor\Tr-no_0966.jpg,0
data\notumor\Tr-no_0967.jpg,0
data\notumor\Tr-no_0968.jpg,0
data\notumor\Tr-no_0969.jpg,0
data\notumor\Tr-no_0970.jpg,0
data\notumor\Tr-no_0971.jpg,0
data\notumor\Tr-no_0972.jpg,0
data\notumor\Tr-no_0973.jpg,0
data\notumor\Tr-no_0974.jpg,0
data\notumor\Tr-no_0975.jpg,0
data\notumor\Tr-no_0976.jpg,0
data\notumor\Tr-no_0977.jpg,0
data\notumor\Tr-no_0978.jpg,0
data\notumor\Tr-no_0979.jpg,0
data\notumor\Tr-no_0980.jpg,0
data\notumor\Tr-no_0981.jpg,0
data\notumor\Tr-no_0982.jpg,0
data\notumor\Tr-no_0983.jpg,0
data\notumor\Tr-no_0984.jpg,0
data\notumor\Tr-no_0985.jpg,0
data\notumor\Tr-no_0986.jpg,0
data\notumor\Tr-no_0987.jpg,0
data\notumor\Tr-no_0988.jpg,0
data\notumor\Tr-no_0989.jpg,0
data\notumor\Tr-no_0990.jpg,0
data\notumor\Tr-no_0991.jpg,0
data\notumor\Tr-no_0992.jpg,0
data\notumor\Tr-no_0993.jpg,0
data\notumor\Tr-no_0994.jpg,0
data\notumor\Tr-no_0995.jpg,0
data\notumor\Tr-no_0996.jpg,0
data\notumor\Tr-no_0997.jpg,0
data\notumor\Tr-no_0998.jpg,0
data\notumor\Tr-no_0999.jpg,0
data\notumor\Tr-no_1000.jpg,0
data\notumor\Tr-no_1001.jpg,0
data\notumor\Tr-no_1002.jpg,0
data\notumor\Tr-no_1003.jpg,0
data\notumor\Tr-no_1004.jpg,0
data\notumor\Tr-no_1005.jpg,0
data\notumor\Tr-no_1006.jpg,0
data\notumor\Tr-no_1007.jpg,0
data\notumor\Tr-no_1008.jpg,0
data\notumor\Tr-no_1009.jpg,0
data\notumor\Tr-no_1010.jpg,0
data\notumor\Tr-no_1011.jpg,0
data\notumor\Tr-no_1012.jpg,0
data\notumor\Tr-no_1013.jpg,0
data\notumor\Tr-no_1014.jpg,0
data\notumor\Tr-no_1015.jpg,0
data\notumor\Tr-no_1016.jpg,0
data\notumor\Tr-no_1017.jpg,0
data\notumor\Tr-no_1018.jpg,0
data\notumor\Tr-no_1019.jpg,0
data\notumor\Tr-no_1020.jpg,0
data\notumor\Tr-no_1021.jpg,0
data\notumor\Tr-no_1022.jpg,0
data\notumor\Tr-no_1023.jpg,0
data\notumor\Tr-no_1024.jpg,0
data\notumor\Tr-no_1025.jpg,0
data\notumor\Tr-no_1026.jpg,0
data\notumor\Tr-no_1027.jpg,0
data\notumor\Tr-no_1028.jpg,0
data\notumor\Tr-no_1029.jpg,0
data\notumor\Tr-no_1030.jpg,0
data\notumor\Tr-no_1031.jpg,0
data\notumor\Tr-no_1032.jpg,0
data\notumor\Tr-no_1033.jpg,0
data\notumor\Tr-no_1034.jpg,0
data\notumor\Tr-no_1035.jpg,0
data\notumor\Tr-no_1036.jpg,0
data\notumor\Tr-no_1037.jpg,0
data\notumor\Tr-no_1038.jpg,0
data\notumor\Tr-no_1039.jpg,0
data\notumor\Tr-no_1040.jpg,0
data\notumor\Tr-no_1041.jpg,0
data\notumor\Tr-no_1042.jpg,0
data\notumor\Tr-no_1043.jpg,0
data\notumor\Tr-no_1044.jpg,0
data\notumor\Tr-no_1045.jpg,0
data\notumor\Tr-no_1046.jpg,0
data\notumor\Tr-no_1047.jpg,0
data\notumor\Tr-no_1048.jpg,0
data\notumor\Tr-no_1049.jpg,0
data\notumor\Tr-no_1050.jpg,0
data\notumor\Tr-no_1051.jpg,0
data\notumor\Tr-no_1052.jpg,0
data\notumor\Tr-no_1053.jpg,0
data\notumor\Tr-no_1054.jpg,0
data\notumor\Tr-no_1055.jpg,0
data\notumor\Tr-no_1056.jpg,0
data\notumor\Tr-no_1057.jpg,0
data\notumor\Tr-no_1058.jpg,0
data\notumor\Tr-no_1059.jpg,0
data\notumor\Tr-no_1060.jpg,0
data\notumor\Tr-no_1061.jpg,0
data\notumor\Tr-no_1062.jpg,0
data\notumor\Tr-no_1063.jpg,0
data\notumor\Tr-no_1064.jpg,0
data\notumor\Tr-no_1065.jpg,0
data\notumor\Tr-no_1066.jpg,0
data\notumor\Tr-no_1067.jpg,0
data\notumor\Tr-no_1068.jpg,0
data\notumor\Tr-no_1069.jpg,0
data\notumor\Tr-no_1070.jpg,0
data\notumor\Tr-no_1071.jpg,0
data\notumor\Tr-no_1072.jpg,0
data\notumor\Tr-no_1073.jpg,0
data\notumor\Tr-no_1074.jpg,0
data\notumor\Tr-no_1075.jpg,0
data\notumor\Tr-no_1076.jpg,0
data\notumor\Tr-no_1077.jpg,0
data\notumor\Tr-no_1078.jpg,0
data\notumor\Tr-no_1079.jpg,0
data\notumor\Tr-no_1080.jpg,0
data\notumor\Tr-no_1081.jpg,0
data\notumor\Tr-no_1082.jpg,0
data\notumor\Tr-no_1083.jpg,0
data\notumor\Tr-no_1084.jpg,0
data\notumor\Tr-no_1085.jpg,0
data\notumor\Tr-no_1086.jpg,0
data\notumor\Tr-no_1087.jpg,0
data\notumor\Tr-no_1088.jpg,0
data\notumor\Tr-no_1089.jpg,0
data\notumor\Tr-no_1090.jpg,0
data\notumor\Tr-no_1091.jpg,0
data\notumor\Tr-no_1092.jpg,0
data\notumor\Tr-no_1093.jpg,0
data\notumor\Tr-no_1094.jpg,0
data\notumor\Tr-no_1095.jpg,0
data\notumor\Tr-no_1096.jpg,0
data\notumor\Tr-no_1097.jpg,0
data\notumor\Tr-no_1098.jpg,0
data\notumor\Tr-no_1099.jpg,0
data\notumor\Tr-no_1100.jpg,0
data\notumor\Tr-no_1101.jpg,0
data\notumor\Tr-no_1102.jpg,0
data\notumor\Tr-no_1103.jpg,0
data\notumor\Tr-no_1104.jpg,0
data\notumor\Tr-no_1105.jpg,0
data\notumor\Tr-no_1106.jpg,0
data\notumor\Tr-no_1107.jpg,0
data\notumor\Tr-no_1108.jpg,0
data\notumor\Tr-no_1109.jpg,0
data\notumor\Tr-no_1110.jpg,0
data\notumor\Tr-no_1111.jpg,0
data\notumor\Tr-no_1112.jpg,0
data\notumor\Tr-no_1113.jpg,0
data\notumor\Tr-no_1114.jpg,0
data\notumor\Tr-no_1115.jpg,0
data\notumor\Tr-no_1116.jpg,0
data\notumor\Tr-no_1117.jpg,0
data\notumor\Tr-no_1118.jpg,0
data\notumor\Tr-no_1119.jpg,0
data\notumor\Tr-no_1120.jpg,0
data\notumor\Tr-no_1121.jpg,0
data\notumor\Tr-no_1122.jpg,0
data\notumor\Tr-no_1123.jpg,0
data\notumor\Tr-no_1124.jpg,0
data\notumor\Tr-no_1125.jpg,0
data\notumor\Tr-no_1126.jpg,0
data\notumor\Tr-no_1127.jpg,0
data\notumor\Tr-no_1128.jpg,0
data\notumor\Tr-no_1129.jpg,0
data\notumor\Tr-no_1130.jpg,0
data\notumor\Tr-no_1131.jpg,0
data\notumor\Tr-no_1132.jpg,0
data\notumor\Tr-no_1133.jpg,0
data\notumor\Tr-no_1134.jpg,0
data\notumor\Tr-no_1135.jpg,0
data\notumor\Tr-no_1136.jpg,0
data\notumor\Tr-no_1137.jpg,0
data\notumor\Tr-no_1138.jpg,0
data\notumor\Tr-no_1139.jpg,0
data\notumor\Tr-no_1140.jpg,0
data\notumor\Tr-no_1141.jpg,0
data\notumor\Tr-no_1142.jpg,0
data\notumor\Tr-no_1143.jpg,0
data\notumor\Tr-no_1144.jpg,0
data\notumor\Tr-no_1145.jpg,0
data\notumor\Tr-no_1146.jpg,0
data\notumor\Tr-no_1147.jpg,0
data\notumor\Tr-no_1148.jpg,0
data\notumor\Tr-no_1149.jpg,0
data\notumor\Tr-no_1150.jpg,0
data\notumor\Tr-no_1151.jpg,0
data\notumor\Tr-no_1152.jpg,0
data\notumor\Tr-no_1153.jpg,0
data\notumor\Tr-no_1154.jpg,0
data\notumor\Tr-no_1155.jpg,0
data\notumor\Tr-no_1156.jpg,0
data\notumor\Tr-no_1157.jpg,0
data\notumor\Tr-no_1158.jpg,0
data\notumor\Tr-no_1159.jpg,0
data\notumor\Tr-no_1160.jpg,0
data\notumor\Tr-no_1161.jpg,0
data\notumor\Tr-no_1162.jpg,0
data\notumor\Tr-no_1163.jpg,0
data\notumor\Tr-no_1164.jpg,0
data\notumor\Tr-no_1165.jpg,0
data\notumor\Tr-no_1166.jpg,0
data\notumor\Tr-no_1167.jpg,0
data\notumor\Tr-no_1168.jpg,0
data\notumor\Tr-no_1169.jpg,0
data\notumor\Tr-no_1170.jpg,0
data\notumor\Tr-no_1171.jpg,0
data\notumor\Tr-no_1172.jpg,0
data\notumor\Tr-no_1173.jpg,0
data\notumor\Tr-no_1174.jpg,0
data\notumor\Tr-no_1175.jpg,0
data\notumor\Tr-no_1176.jpg,0
data\notumor\Tr-no_1177.jpg,0
data\notumor\Tr-no_1178.jpg,0
data\notumor\Tr-no_1179.jpg,0
data\notumor\Tr-no_1180.jpg,0
data\notumor\Tr-no_1181.jpg,0
data\notumor\Tr-no_1182.jpg,0
data\notumor\Tr-no_1183.jpg,0
data\notumor\Tr-no_1184.jpg,0
data\notumor\Tr-no_1185.jpg,0
data\notumor\Tr-no_1186.jpg,0
data\notumor\Tr-no_1187.jpg,0
data\notumor\Tr-no_1188.jpg,0
data\notumor\Tr-no_1189.jpg,0
data\notumor\Tr-no_1190.jpg,0
data\notumor\Tr-no_1191.jpg,0
data\notumor\Tr-no_1192.jpg,0
data\notumor\Tr-no_1193.jpg,0
data\notumor\Tr-no_1194.jpg,0
data\notumor\Tr-no_1195.jpg,0
data\notumor\Tr-no_1196.jpg,0
data\notumor\Tr-no_1197.jpg,0
data\notumor\Tr-no_1198.jpg,0
data\notumor\Tr-no_1199.jpg,0
data\notumor\Tr-no_1200.jpg,0
data\notumor\Tr-no_1201.jpg,0
data\notumor\Tr-no_1202.jpg,0
data\notumor\Tr-no_1203.jpg,0
data\notumor\Tr-no_1204.jpg,0
data\notumor\Tr-no_1205.jpg,0
data\notumor\Tr-no_1206.jpg,0
data\notumor\Tr-no_1207.jpg,0
data\notumor\Tr-no_1208.jpg,0
data\notumor\Tr-no_1209.jpg,0
data\notumor\Tr-no_1210.jpg,0
data\notumor\Tr-no_1211.jpg,0
data\notumor\Tr-no_1212.jpg,0
data\notumor\Tr-no_1213.jpg,0
data\notumor\Tr-no_1214.jpg,0
data\notumor\Tr-no_1215.jpg,0
data\notumor\Tr-no_1216.jpg,0
data\notumor\Tr-no_1217.jpg,0
data\notumor\Tr-no_1218.jpg,0
data\notumor\Tr-no_1219.jpg,0
data\notumor\Tr-no_1220.jpg,0
data\notumor\Tr-no_1221.jpg,0
data\notumor\Tr-no_1222.jpg,0
data\notumor\Tr-no_1223.jpg,0
data\notumor\Tr-no_1224.jpg,0
data\notumor\Tr-no_1225.jpg,0
data\notumor\Tr-no_1226.jpg,0
data\notumor\Tr-no_1227.jpg,0
data\notumor\Tr-no_1228.jpg,0
data\notumor\Tr-no_1229.jpg,0
data\notumor\Tr-no_1230.jpg,0
data\notumor\Tr-no_1231.jpg,0
data\notumor\Tr-no_1232.jpg,0
data\notumor\Tr-no_1233.jpg,0
data\notumor\Tr-no_1234.jpg,0
data\notumor\Tr-no_1235.jpg,0
data\notumor\Tr-no_1236.jpg,0
data\notumor\Tr-no_1237.jpg,0
data\notumor\Tr-no_1238.jpg,0
data\notumor\Tr-no_1239.jpg,0
data\notumor\Tr-no_1240.jpg,0
data\notumor\Tr-no_1241.jpg,0
data\notumor\Tr-no_1242.jpg,0
data\notumor\Tr-no_1243.jpg,0
data\notumor\Tr-no_1244.jpg,0
data\notumor\Tr-no_1245.jpg,0
data\notumor\Tr-no_1246.jpg,0
data\notumor\Tr-no_1247.jpg,0
data\notumor\Tr-no_1248.jpg,0
data\notumor\Tr-no_1249.jpg,0
data\notumor\Tr-no_1250.jpg,0
data\notumor\Tr-no_1251.jpg,0
data\notumor\Tr-no_1252.jpg,0
data\notumor\Tr-no_1253.jpg,0
data\notumor\Tr-no_1254.jpg,0
data\notumor\Tr-no_1255.jpg,0
data\notumor\Tr-no_1256.jpg,0
data\notumor\Tr-no_1257.jpg,0
data\notumor\Tr-no_1258.jpg,0
data\notumor\Tr-no_1259.jpg,0
data\notumor\Tr-no_1260.jpg,0
data\notumor\Tr-no_1261.jpg,0
data\notumor\Tr-no_1262.jpg,0
data\notumor\Tr-no_1263.jpg,0
data\notumor\Tr-no_1264.jpg,0
data\notumor\Tr-no_1265.jpg,0
data\notumor\Tr-no_1266.jpg,0
data\notumor\Tr-no_1267.jpg,0
data\notumor\Tr-no_1268.jpg,0
data\notumor\Tr-no_1269.jpg,0
data\notumor\Tr-no_1270.jpg,0
data\notumor\Tr-no_1271.jpg,0
data\notumor\Tr-no_1272.jpg,0
data\notumor\Tr-no_1273.jpg,0
data\notumor\Tr-no_1274.jpg,0
data\notumor\Tr-no_1275.jpg,0
data\notumor\Tr-no_1276.jpg,0
data\notumor\Tr-no_1277.jpg,0
data\notumor\Tr-no_1278.jpg,0
data\notumor\Tr-no_1279.jpg,0
data\notumor\Tr-no_1280.jpg,0
data\notumor\Tr-no_1281.jpg,0
data\notumor\Tr-no_1282.jpg,0
data\notumor\Tr-no_1283.jpg,0
data\notumor\Tr-no_1284.jpg,0
data\notumor\Tr-no_1285.jpg,0
data\notumor\Tr-no_1286.jpg,0
data\notumor\Tr-no_1287.jpg,0
data\notumor\Tr-no_1288.jpg,0
data\notumor\Tr-no_1289.jpg,0
data\notumor\Tr-no_1290.jpg,0
data\notumor\Tr-no_1291.jpg,0
data\notumor\Tr-no_1292.jpg,0
data\notumor\Tr-no_1293.jpg,0
data\notumor\Tr-no_1294.jpg,0
data\notumor\Tr-no_1295.jpg,0
data\notumor\Tr-no_1296.jpg,0
data\notumor\Tr-no_1297.jpg,0
data\notumor\Tr-no_1298.jpg,0
data\notumor\Tr-no_1299.jpg,0
data\notumor\Tr-no_1300.jpg,0
data\notumor\Tr-no_1301.jpg,0
data\notumor\Tr-no_1302.jpg,0
data\notumor\Tr-no_1303.jpg,0
data\notumor\Tr-no_1304.jpg,0
data\notumor\Tr-no_1305.jpg,0
data\notumor\Tr-no_1306.jpg,0
data\notumor\Tr-no_1307.jpg,0
data\notumor\Tr-no_1308.jpg,0
data\notumor\Tr-no_1309.jpg,0
data\notumor\Tr-no_1310.jpg,0
data\notumor\Tr-no_1311.jpg,0
data\notumor\Tr-no_1312.jpg,0
data\notumor\Tr-no_1313.jpg,0
data\notumor\Tr-no_1314.jpg,0
data\notumor\Tr-no_1315.jpg,0
data\notumor\Tr-no_1316.jpg,0
data\notumor\Tr-no_1317.jpg,0
data\notumor\Tr-no_1318.jpg,0
data\notumor\Tr-no_1319.jpg,0
data\notumor\Tr-no_1320.jpg,0
data\notumor\Tr-no_1321.jpg,0
data\notumor\Tr-no_1322.jpg,0
data\notumor\Tr-no_1323.jpg,0
data\notumor\Tr-no_1324.jpg,0
data\notumor\Tr-no_1325.jpg,0
data\notumor\Tr-no_1326.jpg,0
data\notumor\Tr-no_1327.jpg,0
data\notumor\Tr-no_1328.jpg,0
data\notumor\Tr-no_1329.jpg,0
data\notumor\Tr-no_1330.jpg,0
data\notumor\Tr-no_1331.jpg,0
data\notumor\Tr-no_1332.jpg,0
data\notumor\Tr-no_1333.jpg,0
data\notumor\Tr-no_1334.jpg,0
data\notumor\Tr-no_1335.jpg,0
data\notumor\Tr-no_1336.jpg,0
data\notumor\Tr-no_1337.jpg,0
data\notumor\Tr-no_1338.jpg,0
data\notumor\Tr-no_1339.jpg,0
data\notumor\Tr-no_1340.jpg,0
data\notumor\Tr-no_1341.jpg,0
data\notumor\Tr-no_1342.jpg,0
data\notumor\Tr-no_1343.jpg,0
data\notumor\Tr-no_1344.jpg,0
data\notumor\Tr-no_1345.jpg,0
data\notumor\Tr-no_1346.jpg,0
data\notumor\Tr-no_1347.jpg,0
data\notumor\Tr-no_1348.jpg,0
data\notumor\Tr-no_1349.jpg,0
data\notumor\Tr-no_1350.jpg,0
data\notumor\Tr-no_1351.jpg,0
data\notumor\Tr-no_1352.jpg,0
data\notumor\Tr-no_1353.jpg,0
data\notumor\Tr-no_1354.jpg,0
data\notumor\Tr-no_1355.jpg,0
data\notumor\Tr-no_1356.jpg,0
data\notumor\Tr-no_1357.jpg,0
data\notumor\Tr-no_1358.jpg,0
data\notumor\Tr-no_1359.jpg,0
data\notumor\Tr-no_1360.jpg,0
data\notumor\Tr-no_1361.jpg,0
data\notumor\Tr-no_1362.jpg,0
data\notumor\Tr-no_1363.jpg,0
data\notumor\Tr-no_1364.jpg,0
data\notumor\Tr-no_1365.jpg,0
data\notumor\Tr-no_1366.jpg,0
data\notumor\Tr-no_1367.jpg,0
data\notumor\Tr-no_1368.jpg,0
data\notumor\Tr-no_1369.jpg,0
data\notumor\Tr-no_1370.jpg,0
data\notumor\Tr-no_1371.jpg,0
data\notumor\Tr-no_1372.jpg,0
data\notumor\Tr-no_1373.jpg,0
data\notumor\Tr-no_1374.jpg,0
data\notumor\Tr-no_1375.jpg,0
data\notumor\Tr-no_1376.jpg,0
data\notumor\Tr-no_1377.jpg,0
data\notumor\Tr-no_1378.jpg,0
data\notumor\Tr-no_1379.jpg,0
data\notumor\Tr-no_1380.jpg,0
data\notumor\Tr-no_1381.jpg,0
data\notumor\Tr-no_1382.jpg,0
data\notumor\Tr-no_1383.jpg,0
data\notumor\Tr-no_1384.jpg,0
data\notumor\Tr-no_1385.jpg,0
data\notumor\Tr-no_1386.jpg,0
data\notumor\Tr-no_1387.jpg,0
data\notumor\Tr-no_1388.jpg,0
data\notumor\Tr-no_1389.jpg,0
data\notumor\Tr-no_1390.jpg,0
data\notumor\Tr-no_1391.jpg,0
data\notumor\Tr-no_1392.jpg,0
data\notumor\Tr-no_1393.jpg,0
data\notumor\Tr-no_1394.jpg,0
data\notumor\Tr-no_1395.jpg,0
data\notumor\Tr-no_1396.jpg,0
data\notumor\Tr-no_1397.jpg,0
data\notumor\Tr-no_1398.jpg,0
data\notumor\Tr-no_1399.jpg,0
data\notumor\Tr-no_1400.jpg,0
data\notumor\Tr-no_1401.jpg,0
data\notumor\Tr-no_1402.jpg,0
data\notumor\Tr-no_1403.jpg,0
data\notumor\Tr-no_1404.jpg,0
data\notumor\Tr-no_1405.jpg,0
data\notumor\Tr-no_1406.jpg,0
data\notumor\Tr-no_1407.jpg,0
data\notumor\Tr-no_1408.jpg,0
data\notumor\Tr-no_1409.jpg,0
data\notumor\Tr-no_1410.jpg,0
data\notumor\Tr-no_1411.jpg,0
data\notumor\Tr-no_1412.jpg,0
data\notumor\Tr-no_1413.jpg,0
data\notumor\Tr-no_1414.jpg,0
data\notumor\Tr-no_1415.jpg,0
data\notumor\Tr-no_1416.jpg,0
data\notumor\Tr-no_1417.jpg,0
data\notumor\Tr-no_1418.jpg,0
data\notumor\Tr-no_1419.jpg,0
data\notumor\Tr-no_1420.jpg,0
data\notumor\Tr-no_1421.jpg,0
data\notumor\Tr-no_1422.jpg,0
data\notumor\Tr-no_1423.jpg,0
data\notumor\Tr-no_1424.jpg,0
data\notumor\Tr-no_1425.jpg,0
data\notumor\Tr-no_1426.jpg,0
data\notumor\Tr-no_1427.jpg,0
data\notumor\Tr-no_1428.jpg,0
data\notumor\Tr-no_1429.jpg,0
data\notumor\Tr-no_1430.jpg,0
data\notumor\Tr-no_1431.jpg,0
data\notumor\Tr-no_1432.jpg,0
data\notumor\Tr-no_1433.jpg,0
data\notumor\Tr-no_1434.jpg,0
data\notumor\Tr-no_1435.jpg,0
data\notumor\Tr-no_1436.jpg,0
data\notumor\Tr-no_1437.jpg,0
data\notumor\Tr-no_1438.jpg,0
data\notumor\Tr-no_1439.jpg,0
data\notumor\Tr-no_1440.jpg,0
data\notumor\Tr-no_1441.jpg,0
data\notumor\Tr-no_1442.jpg,0
data\notumor\Tr-no_1443.jpg,0
data\notumor\Tr-no_1444.jpg,0
data\notumor\Tr-no_1445.jpg,0
data\notumor\Tr-no_1446.jpg,0
data\notumor\Tr-no_1447.jpg,0
data\notumor\Tr-no_1448.jpg,0
data\notumor\Tr-no_1449.jpg,0
data\notumor\Tr-no_1450.jpg,0
data\notumor\Tr-no_1451.jpg,0
data\notumor\Tr-no_1452.jpg,0
data\notumor\Tr-no_1453.jpg,0
data\notumor\Tr-no_1454.jpg,0
data\notumor\Tr-no_1455.jpg,0
data\notumor\Tr-no_1456.jpg,0
data\notumor\Tr-no_1457.jpg,0
data\notumor\Tr-no_1458.jpg,0
data\notumor\Tr-no_1459.jpg,0
data\notumor\Tr-no_1460.jpg,0
data\notumor\Tr-no_1461.jpg,0
data\notumor\Tr-no_1462.jpg,0
data\notumor\Tr-no_1463.jpg,0
data\notumor\Tr-no_1464.jpg,0
data\notumor\Tr-no_1465.jpg,0
data\notumor\Tr-no_1466.jpg,0
data\notumor\Tr-no_1467.jpg,0
data\notumor\Tr-no_1468.jpg,0
data\notumor\Tr-no_1469.jpg,0
data\notumor\Tr-no_1470.jpg,0
data\notumor\Tr-no_1471.jpg,0
data\notumor\Tr-no_1472.jpg,0
data\notumor\Tr-no_1473.jpg,0
data\notumor\Tr-no_1474.jpg,0
data\notumor\Tr-no_1475.jpg,0
data\notumor\Tr-no_1476.jpg,0
data\notumor\Tr-no_1477.jpg,0
data\notumor\Tr-no_1478.jpg,0
data\notumor\Tr-no_1479.jpg,0
data\notumor\Tr-no_1480.jpg,0
data\notumor\Tr-no_1481.jpg,0
data\notumor\Tr-no_1482.jpg,0
data\notumor\Tr-no_1483.jpg,0
data\notumor\Tr-no_1484.jpg,0
data\notumor\Tr-no_1485.jpg,0
data\notumor\Tr-no_1486.jpg,0
data\notumor\Tr-no_1487.jpg,0
data\notumor\Tr-no_1488.jpg,0
data\notumor\Tr-no_1489.jpg,0
data\notumor\Tr-no_1490.jpg,0
data\notumor\Tr-no_1491.jpg,0
data\notumor\Tr-no_1492.jpg,0
data\notumor\Tr-no_1493.jpg,0
data\notumor\Tr-no_1494.jpg,0
data\notumor\Tr-no_1495.jpg,0
data\notumor\Tr-no_1496.jpg,0
data\notumor\Tr-no_1497.jpg,0
data\notumor\Tr-no_1498.jpg,0
data\notumor\Tr-no_1499.jpg,0
data\notumor\Tr-no_1500.jpg,0
data\notumor\Tr-no_1501.jpg,0
data\notumor\Tr-no_1502.jpg,0
data\notumor\Tr-no_1503.jpg,0
data\notumor\Tr-no_1504.jpg,0
data\notumor\Tr-no_1505.jpg,0
data\notumor\Tr-no_1506.jpg,0
data\notumor\Tr-no_1507.jpg,0
data\notumor\Tr-no_1508.jpg,0
data\notumor\Tr-no_1509.jpg,0
data\notumor\Tr-no_1510.jpg,0
data\notumor\Tr-no_1511.jpg,0
data\notumor\Tr-no_1512.jpg,0
data\notumor\Tr-no_1513.jpg,0
data\notumor\Tr-no_1514.jpg,0
data\notumor\Tr-no_1515.jpg,0
data\notumor\Tr-no_1516.jpg,0
data\notumor\Tr-no_1517.jpg,0
data\notumor\Tr-no_1518.jpg,0
data\notumor\Tr-no_1519.jpg,0
data\notumor\Tr-no_1520.jpg,0
data\notumor\Tr-no_1521.jpg,0
data\notumor\Tr-no_1522.jpg,0
data\notumor\Tr-no_1523.jpg,0
data\notumor\Tr-no_1524.jpg,0
data\notumor\Tr-no_1525.jpg,0
data\notumor\Tr-no_1526.jpg,0
data\notumor\Tr-no_1527.jpg,0
data\notumor\Tr-no_1528.jpg,0
data\notumor\Tr-no_1529.jpg,0
data\notumor\Tr-no_1530.jpg,0
data\notumor\Tr-no_1531.jpg,0
data\notumor\Tr-no_1532.jpg,0
data\notumor\Tr-no_1533.jpg,0
data\notumor\Tr-no_1534.jpg,0
data\notumor\Tr-no_1535.jpg,0
data\notumor\Tr-no_1536.jpg,0
data\notumor\Tr-no_1537.jpg,0
data\notumor\Tr-no_1538.jpg,0
data\notumor\Tr-no_1539.jpg,0
data\notumor\Tr-no_1540.jpg,0
data\notumor\Tr-no_1541.jpg,0
data\notumor\Tr-no_1542.jpg,0
data\notumor\Tr-no_1543.jpg,0
data\notumor\Tr-no_1544.jpg,0
data\notumor\Tr-no_1545.jpg,0
data\notumor\Tr-no_1546.jpg,0
data\notumor\Tr-no_1547.jpg,0
data\notumor\Tr-no_1548.jpg,0
data\notumor\Tr-no_1549.jpg,0
data\notumor\Tr-no_1550.jpg,0
data\notumor\Tr-no_1551.jpg,0
data\notumor\Tr-no_1552.jpg,0
data\notumor\Tr-no_1553.jpg,0
data\notumor\Tr-no_1554.jpg,0
data\notumor\Tr-no_1555.jpg,0
data\notumor\Tr-no_1556.jpg,0
data\notumor\Tr-no_1557.jpg,0
data\notumor\Tr-no_1558.jpg,0
data\notumor\Tr-no_1559.jpg,0
data\notumor\Tr-no_1560.jpg,0
data\notumor\Tr-no_1561.jpg,0
data\notumor\Tr-no_1562.jpg,0
data\notumor\Tr-no_1563.jpg,0
data\notumor\Tr-no_1564.jpg,0
data\notumor\Tr-no_1565.jpg,0
data\notumor\Tr-no_1566.jpg,0
data\notumor\Tr-no_1567.jpg,0
data\notumor\Tr-no_1568.jpg,0
data\notumor\Tr-no_1569.jpg,0
data\notumor\Tr-no_1570.jpg,0
data\notumor\Tr-no_1571.jpg,0
data\notumor\Tr-no_1572.jpg,0
data\notumor\Tr-no_1573.jpg,0
data\notumor\Tr-no_1574.jpg,0
data\notumor\Tr-no_1575.jpg,0
data\notumor\Tr-no_1576.jpg,0
data\notumor\Tr-no_1577.jpg,0
data\notumor\Tr-no_1578.jpg,0
data\notumor\Tr-no_1579.jpg,0
data\notumor\Tr-no_1580.jpg,0
data\notumor\Tr-no_1581.jpg,0
data\notumor\Tr-no_1582.jpg,0
data\notumor\Tr-no_1583.jpg,0
data\notumor\Tr-no_1584.jpg,0
data\notumor\Tr-no_1585.jpg,0
data\notumor\Tr-no_1586.jpg,0
data\notumor\Tr-no_1587.jpg,0
data\notumor\Tr-no_1588.jpg,0
data\notumor\Tr-no_1589.jpg,0
data\notumor\Tr-no_1590.jpg,0
data\notumor\Tr-no_1591.jpg,0
data\notumor\Tr-no_1592.jpg,0
data\notumor\Tr-no_1593.jpg,0
data\notumor\Tr-no_1594.jpg,0
data\pituitary\Tr-piTr_0000.jpg,1
data\pituitary\Tr-piTr_0001.jpg,1
data\pituitary\Tr-piTr_0002.jpg,1
data\pituitary\Tr-piTr_0003.jpg,1
data\pituitary\Tr-piTr_0004.jpg,1
data\pituitary\Tr-piTr_0005.jpg,1
data\pituitary\Tr-piTr_0006.jpg,1
data\pituitary\Tr-piTr_0007.jpg,1
data\pituitary\Tr-piTr_0008.jpg,1
data\pituitary\Tr-piTr_0009.jpg,1
data\pituitary\Tr-pi_0010.jpg,1
data\pituitary\Tr-pi_0011.jpg,1
data\pituitary\Tr-pi_0012.jpg,1
data\pituitary\Tr-pi_0013.jpg,1
data\pituitary\Tr-pi_0014.jpg,1
data\pituitary\Tr-pi_0015.jpg,1
data\pituitary\Tr-pi_0016.jpg,1
data\pituitary\Tr-pi_0017.jpg,1
data\pituitary\Tr-pi_0018.jpg,1
data\pituitary\Tr-pi_0019.jpg,1
data\pituitary\Tr-pi_0020.jpg,1
data\pituitary\Tr-pi_0021.jpg,1
data\pituitary\Tr-pi_0022.jpg,1
data\pituitary\Tr-pi_0023.jpg,1
data\pituitary\Tr-pi_0024.jpg,1
data\pituitary\Tr-pi_0025.jpg,1
data\pituitary\Tr-pi_0026.jpg,1
data\pituitary\Tr-pi_0027.jpg,1
data\pituitary\Tr-pi_0028.jpg,1
data\pituitary\Tr-pi_0029.jpg,1
data\pituitary\Tr-pi_0030.jpg,1
data\pituitary\Tr-pi_0031.jpg,1
data\pituitary\Tr-pi_0032.jpg,1
data\pituitary\Tr-pi_0033.jpg,1
data\pituitary\Tr-pi_0034.jpg,1
data\pituitary\Tr-pi_0035.jpg,1
data\pituitary\Tr-pi_0036.jpg,1
data\pituitary\Tr-pi_0037.jpg,1
data\pituitary\Tr-pi_0038.jpg,1
data\pituitary\Tr-pi_0039.jpg,1
data\pituitary\Tr-pi_0040.jpg,1
data\pituitary\Tr-pi_0041.jpg,1
data\pituitary\Tr-pi_0042.jpg,1
data\pituitary\Tr-pi_0043.jpg,1
data\pituitary\Tr-pi_0044.jpg,1
data\pituitary\Tr-pi_0045.jpg,1
data\pituitary\Tr-pi_0046.jpg,1
data\pituitary\Tr-pi_0047.jpg,1
data\pituitary\Tr-pi_0048.jpg,1
data\pituitary\Tr-pi_0049.jpg,1
data\pituitary\Tr-pi_0050.jpg,1
data\pituitary\Tr-pi_0051.jpg,1
data\pituitary\Tr-pi_0052.jpg,1
data\pituitary\Tr-pi_0053.jpg,1
data\pituitary\Tr-pi_0054.jpg,1
data\pituitary\Tr-pi_0055.jpg,1
data\pituitary\Tr-pi_0056.jpg,1
data\pituitary\Tr-pi_0057.jpg,1
data\pituitary\Tr-pi_0058.jpg,1
data\pituitary\Tr-pi_0059.jpg,1
data\pituitary\Tr-pi_0060.jpg,1
data\pituitary\Tr-pi_0061.jpg,1
data\pituitary\Tr-pi_0062.jpg,1
data\pituitary\Tr-pi_0063.jpg,1
data\pituitary\Tr-pi_0064.jpg,1
data\pituitary\Tr-pi_0065.jpg,1
data\pituitary\Tr-pi_0066.jpg,1
data\pituitary\Tr-pi_0067.jpg,1
data\pituitary\Tr-pi_0068.jpg,1
data\pituitary\Tr-pi_0069.jpg,1
data\pituitary\Tr-pi_0070.jpg,1
data\pituitary\Tr-pi_0071.jpg,1
data\pituitary\Tr-pi_0072.jpg,1
data\pituitary\Tr-pi_0073.jpg,1
data\pituitary\Tr-pi_0074.jpg,1
data\pituitary\Tr-pi_0075.jpg,1
data\pituitary\Tr-pi_0076.jpg,1
data\pituitary\Tr-pi_0077.jpg,1
data\pituitary\Tr-pi_0078.jpg,1
data\pituitary\Tr-pi_0079.jpg,1
data\pituitary\Tr-pi_0080.jpg,1
data\pituitary\Tr-pi_0081.jpg,1
data\pituitary\Tr-pi_0082.jpg,1
data\pituitary\Tr-pi_0083.jpg,1
data\pituitary\Tr-pi_0084.jpg,1
data\pituitary\Tr-pi_0085.jpg,1
data\pituitary\Tr-pi_0086.jpg,1
data\pituitary\Tr-pi_0087.jpg,1
data\pituitary\Tr-pi_0088.jpg,1
data\pituitary\Tr-pi_0089.jpg,1
data\pituitary\Tr-pi_0090.jpg,1
data\pituitary\Tr-pi_0091.jpg,1
data\pituitary\Tr-pi_0092.jpg,1
data\pituitary\Tr-pi_0093.jpg,1
data\pituitary\Tr-pi_0094.jpg,1
data\pituitary\Tr-pi_0095.jpg,1
data\pituitary\Tr-pi_0096.jpg,1
data\pituitary\Tr-pi_0097.jpg,1
data\pituitary\Tr-pi_0098.jpg,1
data\pituitary\Tr-pi_0099.jpg,1
data\pituitary\Tr-pi_0100.jpg,1
data\pituitary\Tr-pi_0101.jpg,1
data\pituitary\Tr-pi_0102.jpg,1
data\pituitary\Tr-pi_0103.jpg,1
data\pituitary\Tr-pi_0104.jpg,1
data\pituitary\Tr-pi_0105.jpg,1
data\pituitary\Tr-pi_0106.jpg,1
data\pituitary\Tr-pi_0107.jpg,1
data\pituitary\Tr-pi_0108.jpg,1
data\pituitary\Tr-pi_0109.jpg,1
data\pituitary\Tr-pi_0110.jpg,1
data\pituitary\Tr-pi_0111.jpg,1
data\pituitary\Tr-pi_0112.jpg,1
data\pituitary\Tr-pi_0113.jpg,1
data\pituitary\Tr-pi_0114.jpg,1
data\pituitary\Tr-pi_0115.jpg,1
data\pituitary\Tr-pi_0116.jpg,1
data\pituitary\Tr-pi_0117.jpg,1
data\pituitary\Tr-pi_0118.jpg,1
data\pituitary\Tr-pi_0119.jpg,1
data\pituitary\Tr-pi_0120.jpg,1
data\pituitary\Tr-pi_0121.jpg,1
data\pituitary\Tr-pi_0122.jpg,1
data\pituitary\Tr-pi_0123.jpg,1
data\pituitary\Tr-pi_0124.jpg,1
data\pituitary\Tr-pi_0125.jpg,1
data\pituitary\Tr-pi_0126.jpg,1
data\pituitary\Tr-pi_0127.jpg,1
data\pituitary\Tr-pi_0128.jpg,1
data\pituitary\Tr-pi_0129.jpg,1
data\pituitary\Tr-pi_0130.jpg,1
data\pituitary\Tr-pi_0131.jpg,1
data\pituitary\Tr-pi_0132.jpg,1
data\pituitary\Tr-pi_0133.jpg,1
data\pituitary\Tr-pi_0134.jpg,1
data\pituitary\Tr-pi_0135.jpg,1
data\pituitary\Tr-pi_0136.jpg,1
data\pituitary\Tr-pi_0137.jpg,1
data\pituitary\Tr-pi_0138.jpg,1
data\pituitary\Tr-pi_0139.jpg,1
data\pituitary\Tr-pi_0140.jpg,1
data\pituitary\Tr-pi_0141.jpg,1
data\pituitary\Tr-pi_0142.jpg,1
data\pituitary\Tr-pi_0143.jpg,1
data\pituitary\Tr-pi_0144.jpg,1
data\pituitary\Tr-pi_0145.jpg,1
data\pituitary\Tr-pi_0146.jpg,1
data\pituitary\Tr-pi_0147.jpg,1
data\pituitary\Tr-pi_0148.jpg,1
data\pituitary\Tr-pi_0149.jpg,1
data\pituitary\Tr-pi_0150.jpg,1
data\pituitary\Tr-pi_0151.jpg,1
data\pituitary\Tr-pi_0152.jpg,1
data\pituitary\Tr-pi_0153.jpg,1
data\pituitary\Tr-pi_0154.jpg,1
data\pituitary\Tr-pi_0155.jpg,1
data\pituitary\Tr-pi_0156.jpg,1
data\pituitary\Tr-pi_0157.jpg,1
data\pituitary\Tr-pi_0158.jpg,1
data\pituitary\Tr-pi_0159.jpg,1
data\pituitary\Tr-pi_0160.jpg,1
data\pituitary\Tr-pi_0161.jpg,1
data\pituitary\Tr-pi_0162.jpg,1
data\pituitary\Tr-pi_0163.jpg,1
data\pituitary\Tr-pi_0164.jpg,1
data\pituitary\Tr-pi_0165.jpg,1
data\pituitary\Tr-pi_0166.jpg,1
data\pituitary\Tr-pi_0167.jpg,1
data\pituitary\Tr-pi_0168.jpg,1
data\pituitary\Tr-pi_0169.jpg,1
data\pituitary\Tr-pi_0170.jpg,1
data\pituitary\Tr-pi_0171.jpg,1
data\pituitary\Tr-pi_0172.jpg,1
data\pituitary\Tr-pi_0173.jpg,1
data\pituitary\Tr-pi_0174.jpg,1
data\pituitary\Tr-pi_0175.jpg,1
data\pituitary\Tr-pi_0176.jpg,1
data\pituitary\Tr-pi_0177.jpg,1
data\pituitary\Tr-pi_0178.jpg,1
data\pituitary\Tr-pi_0179.jpg,1
data\pituitary\Tr-pi_0180.jpg,1
data\pituitary\Tr-pi_0181.jpg,1
data\pituitary\Tr-pi_0182.jpg,1
data\pituitary\Tr-pi_0183.jpg,1
data\pituitary\Tr-pi_0184.jpg,1
data\pituitary\Tr-pi_0185.jpg,1
data\pituitary\Tr-pi_0186.jpg,1
data\pituitary\Tr-pi_0187.jpg,1
data\pituitary\Tr-pi_0188.jpg,1
data\pituitary\Tr-pi_0189.jpg,1
data\pituitary\Tr-pi_0190.jpg,1
data\pituitary\Tr-pi_0191.jpg,1
data\pituitary\Tr-pi_0192.jpg,1
data\pituitary\Tr-pi_0193.jpg,1
data\pituitary\Tr-pi_0194.jpg,1
data\pituitary\Tr-pi_0195.jpg,1
data\pituitary\Tr-pi_0196.jpg,1
data\pituitary\Tr-pi_0197.jpg,1
data\pituitary\Tr-pi_0198.jpg,1
data\pituitary\Tr-pi_0199.jpg,1
data\pituitary\Tr-pi_0200.jpg,1
data\pituitary\Tr-pi_0201.jpg,1
data\pituitary\Tr-pi_0202.jpg,1
data\pituitary\Tr-pi_0203.jpg,1
data\pituitary\Tr-pi_0204.jpg,1
data\pituitary\Tr-pi_0205.jpg,1
data\pituitary\Tr-pi_0206.jpg,1
data\pituitary\Tr-pi_0207.jpg,1
data\pituitary\Tr-pi_0208.jpg,1
data\pituitary\Tr-pi_0209.jpg,1
data\pituitary\Tr-pi_0210.jpg,1
data\pituitary\Tr-pi_0211.jpg,1
data\pituitary\Tr-pi_0212.jpg,1
data\pituitary\Tr-pi_0213.jpg,1
data\pituitary\Tr-pi_0214.jpg,1
data\pituitary\Tr-pi_0215.jpg,1
data\pituitary\Tr-pi_0216.jpg,1
data\pituitary\Tr-pi_0217.jpg,1
data\pituitary\Tr-pi_0218.jpg,1
data\pituitary\Tr-pi_0219.jpg,1
data\pituitary\Tr-pi_0220.jpg,1
data\pituitary\Tr-pi_0221.jpg,1
data\pituitary\Tr-pi_0222.jpg,1
data\pituitary\Tr-pi_0223.jpg,1
data\pituitary\Tr-pi_0224.jpg,1
data\pituitary\Tr-pi_0225.jpg,1
data\pituitary\Tr-pi_0226.jpg,1
data\pituitary\Tr-pi_0227.jpg,1
data\pituitary\Tr-pi_0228.jpg,1
data\pituitary\Tr-pi_0229.jpg,1
data\pituitary\Tr-pi_0230.jpg,1
data\pituitary\Tr-pi_0231.jpg,1
data\pituitary\Tr-pi_0232.jpg,1
data\pituitary\Tr-pi_0233.jpg,1
data\pituitary\Tr-pi_0234.jpg,1
data\pituitary\Tr-pi_0235.jpg,1
data\pituitary\Tr-pi_0236.jpg,1
data\pituitary\Tr-pi_0237.jpg,1
data\pituitary\Tr-pi_0238.jpg,1
data\pituitary\Tr-pi_0239.jpg,1
data\pituitary\Tr-pi_0240.jpg,1
data\pituitary\Tr-pi_0241.jpg,1
data\pituitary\Tr-pi_0242.jpg,1
data\pituitary\Tr-pi_0243.jpg,1
data\pituitary\Tr-pi_0244.jpg,1
data\pituitary\Tr-pi_0245.jpg,1
data\pituitary\Tr-pi_0246.jpg,1
data\pituitary\Tr-pi_0247.jpg,1
data\pituitary\Tr-pi_0248.jpg,1
data\pituitary\Tr-pi_0249.jpg,1
data\pituitary\Tr-pi_0250.jpg,1
data\pituitary\Tr-pi_0251.jpg,1
data\pituitary\Tr-pi_0252.jpg,1
data\pituitary\Tr-pi_0253.jpg,1
data\pituitary\Tr-pi_0254.jpg,1
data\pituitary\Tr-pi_0255.jpg,1
data\pituitary\Tr-pi_0256.jpg,1
data\pituitary\Tr-pi_0257.jpg,1
data\pituitary\Tr-pi_0258.jpg,1
data\pituitary\Tr-pi_0259.jpg,1
data\pituitary\Tr-pi_0260.jpg,1
data\pituitary\Tr-pi_0261.jpg,1
data\pituitary\Tr-pi_0262.jpg,1
data\pituitary\Tr-pi_0263.jpg,1
data\pituitary\Tr-pi_0264.jpg,1
data\pituitary\Tr-pi_0265.jpg,1
data\pituitary\Tr-pi_0266.jpg,1
data\pituitary\Tr-pi_0267.jpg,1
data\pituitary\Tr-pi_0268.jpg,1
data\pituitary\Tr-pi_0269.jpg,1
data\pituitary\Tr-pi_0270.jpg,1
data\pituitary\Tr-pi_0271.jpg,1
data\pituitary\Tr-pi_0272.jpg,1
data\pituitary\Tr-pi_0273.jpg,1
data\pituitary\Tr-pi_0274.jpg,1
data\pituitary\Tr-pi_0275.jpg,1
data\pituitary\Tr-pi_0276.jpg,1
data\pituitary\Tr-pi_0277.jpg,1
data\pituitary\Tr-pi_0278.jpg,1
data\pituitary\Tr-pi_0279.jpg,1
data\pituitary\Tr-pi_0280.jpg,1
data\pituitary\Tr-pi_0281.jpg,1
data\pituitary\Tr-pi_0282.jpg,1
data\pituitary\Tr-pi_0283.jpg,1
data\pituitary\Tr-pi_0284.jpg,1
data\pituitary\Tr-pi_0285.jpg,1
data\pituitary\Tr-pi_0286.jpg,1
data\pituitary\Tr-pi_0287.jpg,1
data\pituitary\Tr-pi_0288.jpg,1
data\pituitary\Tr-pi_0289.jpg,1
data\pituitary\Tr-pi_0290.jpg,1
data\pituitary\Tr-pi_0291.jpg,1
data\pituitary\Tr-pi_0292.jpg,1
data\pituitary\Tr-pi_0293.jpg,1
data\pituitary\Tr-pi_0294.jpg,1
data\pituitary\Tr-pi_0295.jpg,1
data\pituitary\Tr-pi_0296.jpg,1
data\pituitary\Tr-pi_0297.jpg,1
data\pituitary\Tr-pi_0298.jpg,1
data\pituitary\Tr-pi_0299.jpg,1
data\pituitary\Tr-pi_0300.jpg,1
data\pituitary\Tr-pi_0301.jpg,1
data\pituitary\Tr-pi_0302.jpg,1
data\pituitary\Tr-pi_0303.jpg,1
data\pituitary\Tr-pi_0304.jpg,1
data\pituitary\Tr-pi_0305.jpg,1
data\pituitary\Tr-pi_0306.jpg,1
data\pituitary\Tr-pi_0307.jpg,1
data\pituitary\Tr-pi_0308.jpg,1
data\pituitary\Tr-pi_0309.jpg,1
data\pituitary\Tr-pi_0310.jpg,1
data\pituitary\Tr-pi_0311.jpg,1
data\pituitary\Tr-pi_0312.jpg,1
data\pituitary\Tr-pi_0313.jpg,1
data\pituitary\Tr-pi_0314.jpg,1
data\pituitary\Tr-pi_0315.jpg,1
data\pituitary\Tr-pi_0316.jpg,1
data\pituitary\Tr-pi_0317.jpg,1
data\pituitary\Tr-pi_0318.jpg,1
data\pituitary\Tr-pi_0319.jpg,1
data\pituitary\Tr-pi_0320.jpg,1
data\pituitary\Tr-pi_0321.jpg,1
data\pituitary\Tr-pi_0322.jpg,1
data\pituitary\Tr-pi_0323.jpg,1
data\pituitary\Tr-pi_0324.jpg,1
data\pituitary\Tr-pi_0325.jpg,1
data\pituitary\Tr-pi_0326.jpg,1
data\pituitary\Tr-pi_0327.jpg,1
data\pituitary\Tr-pi_0328.jpg,1
data\pituitary\Tr-pi_0329.jpg,1
data\pituitary\Tr-pi_0330.jpg,1
data\pituitary\Tr-pi_0331.jpg,1
data\pituitary\Tr-pi_0332.jpg,1
data\pituitary\Tr-pi_0333.jpg,1
data\pituitary\Tr-pi_0334.jpg,1
data\pituitary\Tr-pi_0335.jpg,1
data\pituitary\Tr-pi_0336.jpg,1
data\pituitary\Tr-pi_0337.jpg,1
data\pituitary\Tr-pi_0338.jpg,1
data\pituitary\Tr-pi_0339.jpg,1
data\pituitary\Tr-pi_0340.jpg,1
data\pituitary\Tr-pi_0341.jpg,1
data\pituitary\Tr-pi_0342.jpg,1
data\pituitary\Tr-pi_0343.jpg,1
data\pituitary\Tr-pi_0344.jpg,1
data\pituitary\Tr-pi_0345.jpg,1
data\pituitary\Tr-pi_0346.jpg,1
data\pituitary\Tr-pi_0347.jpg,1
data\pituitary\Tr-pi_0348.jpg,1
data\pituitary\Tr-pi_0349.jpg,1
data\pituitary\Tr-pi_0350.jpg,1
data\pituitary\Tr-pi_0351.jpg,1
data\pituitary\Tr-pi_0352.jpg,1
data\pituitary\Tr-pi_0353.jpg,1
data\pituitary\Tr-pi_0354.jpg,1
data\pituitary\Tr-pi_0355.jpg,1
data\pituitary\Tr-pi_0356.jpg,1
data\pituitary\Tr-pi_0357.jpg,1
data\pituitary\Tr-pi_0358.jpg,1
data\pituitary\Tr-pi_0359.jpg,1
data\pituitary\Tr-pi_0360.jpg,1
data\pituitary\Tr-pi_0361.jpg,1
data\pituitary\Tr-pi_0362.jpg,1
data\pituitary\Tr-pi_0363.jpg,1
data\pituitary\Tr-pi_0364.jpg,1
data\pituitary\Tr-pi_0365.jpg,1
data\pituitary\Tr-pi_0366.jpg,1
data\pituitary\Tr-pi_0367.jpg,1
data\pituitary\Tr-pi_0368.jpg,1
data\pituitary\Tr-pi_0369.jpg,1
data\pituitary\Tr-pi_0370.jpg,1
data\pituitary\Tr-pi_0371.jpg,1
data\pituitary\Tr-pi_0372.jpg,1
data\pituitary\Tr-pi_0373.jpg,1
data\pituitary\Tr-pi_0374.jpg,1
data\pituitary\Tr-pi_0375.jpg,1
data\pituitary\Tr-pi_0376.jpg,1
data\pituitary\Tr-pi_0377.jpg,1
data\pituitary\Tr-pi_0378.jpg,1
data\pituitary\Tr-pi_0379.jpg,1
data\pituitary\Tr-pi_0380.jpg,1
data\pituitary\Tr-pi_0381.jpg,1
data\pituitary\Tr-pi_0382.jpg,1
data\pituitary\Tr-pi_0383.jpg,1
data\pituitary\Tr-pi_0384.jpg,1
data\pituitary\Tr-pi_0385.jpg,1
data\pituitary\Tr-pi_0386.jpg,1
data\pituitary\Tr-pi_0387.jpg,1
data\pituitary\Tr-pi_0388.jpg,1
data\pituitary\Tr-pi_0389.jpg,1
data\pituitary\Tr-pi_0390.jpg,1
data\pituitary\Tr-pi_0391.jpg,1
data\pituitary\Tr-pi_0392.jpg,1
data\pituitary\Tr-pi_0393.jpg,1
data\pituitary\Tr-pi_0394.jpg,1
data\pituitary\Tr-pi_0395.jpg,1
data\pituitary\Tr-pi_0396.jpg,1
data\pituitary\Tr-pi_0397.jpg,1
data\pituitary\Tr-pi_0398.jpg,1
data\pituitary\Tr-pi_0399.jpg,1
data\pituitary\Tr-pi_0400.jpg,1
data\pituitary\Tr-pi_0401.jpg,1
data\pituitary\Tr-pi_0402.jpg,1
data\pituitary\Tr-pi_0403.jpg,1
data\pituitary\Tr-pi_0404.jpg,1
data\pituitary\Tr-pi_0405.jpg,1
data\pituitary\Tr-pi_0406.jpg,1
data\pituitary\Tr-pi_0407.jpg,1
data\pituitary\Tr-pi_0408.jpg,1
data\pituitary\Tr-pi_0409.jpg,1
data\pituitary\Tr-pi_0410.jpg,1
data\pituitary\Tr-pi_0411.jpg,1
data\pituitary\Tr-pi_0412.jpg,1
data\pituitary\Tr-pi_0413.jpg,1
data\pituitary\Tr-pi_0414.jpg,1
data\pituitary\Tr-pi_0415.jpg,1
data\pituitary\Tr-pi_0416.jpg,1
data\pituitary\Tr-pi_0417.jpg,1
data\pituitary\Tr-pi_0418.jpg,1
data\pituitary\Tr-pi_0419.jpg,1
data\pituitary\Tr-pi_0420.jpg,1
data\pituitary\Tr-pi_0421.jpg,1
data\pituitary\Tr-pi_0422.jpg,1
data\pituitary\Tr-pi_0423.jpg,1
data\pituitary\Tr-pi_0424.jpg,1
data\pituitary\Tr-pi_0425.jpg,1
data\pituitary\Tr-pi_0426.jpg,1
data\pituitary\Tr-pi_0427.jpg,1
data\pituitary\Tr-pi_0428.jpg,1
data\pituitary\Tr-pi_0429.jpg,1
data\pituitary\Tr-pi_0430.jpg,1
data\pituitary\Tr-pi_0431.jpg,1
data\pituitary\Tr-pi_0432.jpg,1
data\pituitary\Tr-pi_0433.jpg,1
data\pituitary\Tr-pi_0434.jpg,1
data\pituitary\Tr-pi_0435.jpg,1
data\pituitary\Tr-pi_0436.jpg,1
data\pituitary\Tr-pi_0437.jpg,1
data\pituitary\Tr-pi_0438.jpg,1
data\pituitary\Tr-pi_0439.jpg,1
data\pituitary\Tr-pi_0440.jpg,1
data\pituitary\Tr-pi_0441.jpg,1
data\pituitary\Tr-pi_0442.jpg,1
data\pituitary\Tr-pi_0443.jpg,1
data\pituitary\Tr-pi_0444.jpg,1
data\pituitary\Tr-pi_0445.jpg,1
data\pituitary\Tr-pi_0446.jpg,1
data\pituitary\Tr-pi_0447.jpg,1
data\pituitary\Tr-pi_0448.jpg,1
data\pituitary\Tr-pi_0449.jpg,1
data\pituitary\Tr-pi_0450.jpg,1
data\pituitary\Tr-pi_0451.jpg,1
data\pituitary\Tr-pi_0452.jpg,1
data\pituitary\Tr-pi_0453.jpg,1
data\pituitary\Tr-pi_0454.jpg,1
data\pituitary\Tr-pi_0455.jpg,1
data\pituitary\Tr-pi_0456.jpg,1
data\pituitary\Tr-pi_0457.jpg,1
data\pituitary\Tr-pi_0458.jpg,1
data\pituitary\Tr-pi_0459.jpg,1
data\pituitary\Tr-pi_0460.jpg,1
data\pituitary\Tr-pi_0461.jpg,1
data\pituitary\Tr-pi_0462.jpg,1
data\pituitary\Tr-pi_0463.jpg,1
data\pituitary\Tr-pi_0464.jpg,1
data\pituitary\Tr-pi_0465.jpg,1
data\pituitary\Tr-pi_0466.jpg,1
data\pituitary\Tr-pi_0467.jpg,1
data\pituitary\Tr-pi_0468.jpg,1
data\pituitary\Tr-pi_0469.jpg,1
data\pituitary\Tr-pi_0470.jpg,1
data\pituitary\Tr-pi_0471.jpg,1
data\pituitary\Tr-pi_0472.jpg,1
data\pituitary\Tr-pi_0473.jpg,1
data\pituitary\Tr-pi_0474.jpg,1
data\pituitary\Tr-pi_0475.jpg,1
data\pituitary\Tr-pi_0476.jpg,1
data\pituitary\Tr-pi_0477.jpg,1
data\pituitary\Tr-pi_0478.jpg,1
data\pituitary\Tr-pi_0479.jpg,1
data\pituitary\Tr-pi_0480.jpg,1
data\pituitary\Tr-pi_0481.jpg,1
data\pituitary\Tr-pi_0482.jpg,1
data\pituitary\Tr-pi_0483.jpg,1
data\pituitary\Tr-pi_0484.jpg,1
data\pituitary\Tr-pi_0485.jpg,1
data\pituitary\Tr-pi_0486.jpg,1
data\pituitary\Tr-pi_0487.jpg,1
data\pituitary\Tr-pi_0488.jpg,1
data\pituitary\Tr-pi_0489.jpg,1
data\pituitary\Tr-pi_0490.jpg,1
data\pituitary\Tr-pi_0491.jpg,1
data\pituitary\Tr-pi_0492.jpg,1
data\pituitary\Tr-pi_0493.jpg,1
data\pituitary\Tr-pi_0494.jpg,1
data\pituitary\Tr-pi_0495.jpg,1
data\pituitary\Tr-pi_0496.jpg,1
data\pituitary\Tr-pi_0497.jpg,1
data\pituitary\Tr-pi_0498.jpg,1
data\pituitary\Tr-pi_0499.jpg,1
data\pituitary\Tr-pi_0500.jpg,1
data\pituitary\Tr-pi_0501.jpg,1
data\pituitary\Tr-pi_0502.jpg,1
data\pituitary\Tr-pi_0503.jpg,1
data\pituitary\Tr-pi_0504.jpg,1
data\pituitary\Tr-pi_0505.jpg,1
data\pituitary\Tr-pi_0506.jpg,1
data\pituitary\Tr-pi_0507.jpg,1
data\pituitary\Tr-pi_0508.jpg,1
data\pituitary\Tr-pi_0509.jpg,1
data\pituitary\Tr-pi_0510.jpg,1
data\pituitary\Tr-pi_0511.jpg,1
data\pituitary\Tr-pi_0512.jpg,1
data\pituitary\Tr-pi_0513.jpg,1
data\pituitary\Tr-pi_0514.jpg,1
data\pituitary\Tr-pi_0515.jpg,1
data\pituitary\Tr-pi_0516.jpg,1
data\pituitary\Tr-pi_0517.jpg,1
data\pituitary\Tr-pi_0518.jpg,1
data\pituitary\Tr-pi_0519.jpg,1
data\pituitary\Tr-pi_0520.jpg,1
data\pituitary\Tr-pi_0521.jpg,1
data\pituitary\Tr-pi_0522.jpg,1
data\pituitary\Tr-pi_0523.jpg,1
data\pituitary\Tr-pi_0524.jpg,1
data\pituitary\Tr-pi_0525.jpg,1
data\pituitary\Tr-pi_0526.jpg,1
data\pituitary\Tr-pi_0527.jpg,1
data\pituitary\Tr-pi_0528.jpg,1
data\pituitary\Tr-pi_0529.jpg,1
data\pituitary\Tr-pi_0530.jpg,1
data\pituitary\Tr-pi_0531.jpg,1
data\pituitary\Tr-pi_0532.jpg,1
data\pituitary\Tr-pi_0533.jpg,1
data\pituitary\Tr-pi_0534.jpg,1
data\pituitary\Tr-pi_0535.jpg,1
data\pituitary\Tr-pi_0536.jpg,1
data\pituitary\Tr-pi_0537.jpg,1
data\pituitary\Tr-pi_0538.jpg,1
data\pituitary\Tr-pi_0539.jpg,1
data\pituitary\Tr-pi_0540.jpg,1
data\pituitary\Tr-pi_0541.jpg,1
data\pituitary\Tr-pi_0542.jpg,1
data\pituitary\Tr-pi_0543.jpg,1
data\pituitary\Tr-pi_0544.jpg,1
data\pituitary\Tr-pi_0545.jpg,1
data\pituitary\Tr-pi_0546.jpg,1
data\pituitary\Tr-pi_0547.jpg,1
data\pituitary\Tr-pi_0548.jpg,1
data\pituitary\Tr-pi_0549.jpg,1
data\pituitary\Tr-pi_0550.jpg,1
data\pituitary\Tr-pi_0551.jpg,1
data\pituitary\Tr-pi_0552.jpg,1
data\pituitary\Tr-pi_0553.jpg,1
data\pituitary\Tr-pi_0554.jpg,1
data\pituitary\Tr-pi_0555.jpg,1
data\pituitary\Tr-pi_0556.jpg,1
data\pituitary\Tr-pi_0557.jpg,1
data\pituitary\Tr-pi_0558.jpg,1
data\pituitary\Tr-pi_0559.jpg,1
data\pituitary\Tr-pi_0560.jpg,1
data\pituitary\Tr-pi_0561.jpg,1
data\pituitary\Tr-pi_0562.jpg,1
data\pituitary\Tr-pi_0563.jpg,1
data\pituitary\Tr-pi_0564.jpg,1
data\pituitary\Tr-pi_0565.jpg,1
data\pituitary\Tr-pi_0566.jpg,1
data\pituitary\Tr-pi_0567.jpg,1
data\pituitary\Tr-pi_0568.jpg,1
data\pituitary\Tr-pi_0569.jpg,1
data\pituitary\Tr-pi_0570.jpg,1
data\pituitary\Tr-pi_0571.jpg,1
data\pituitary\Tr-pi_0572.jpg,1
data\pituitary\Tr-pi_0573.jpg,1
data\pituitary\Tr-pi_0574.jpg,1
data\pituitary\Tr-pi_0575.jpg,1
data\pituitary\Tr-pi_0576.jpg,1
data\pituitary\Tr-pi_0577.jpg,1
data\pituitary\Tr-pi_0578.jpg,1
data\pituitary\Tr-pi_0579.jpg,1
data\pituitary\Tr-pi_0580.jpg,1
data\pituitary\Tr-pi_0581.jpg,1
data\pituitary\Tr-pi_0582.jpg,1
data\pituitary\Tr-pi_0583.jpg,1
data\pituitary\Tr-pi_0584.jpg,1
data\pituitary\Tr-pi_0585.jpg,1
data\pituitary\Tr-pi_0586.jpg,1
data\pituitary\Tr-pi_0587.jpg,1
data\pituitary\Tr-pi_0588.jpg,1
data\pituitary\Tr-pi_0589.jpg,1
data\pituitary\Tr-pi_0590.jpg,1
data\pituitary\Tr-pi_0591.jpg,1
data\pituitary\Tr-pi_0592.jpg,1
data\pituitary\Tr-pi_0593.jpg,1
data\pituitary\Tr-pi_0594.jpg,1
data\pituitary\Tr-pi_0595.jpg,1
data\pituitary\Tr-pi_0596.jpg,1
data\pituitary\Tr-pi_0597.jpg,1
data\pituitary\Tr-pi_0598.jpg,1
data\pituitary\Tr-pi_0599.jpg,1
data\pituitary\Tr-pi_0600.jpg,1
data\pituitary\Tr-pi_0601.jpg,1
data\pituitary\Tr-pi_0602.jpg,1
data\pituitary\Tr-pi_0603.jpg,1
data\pituitary\Tr-pi_0604.jpg,1
data\pituitary\Tr-pi_0605.jpg,1
data\pituitary\Tr-pi_0606.jpg,1
data\pituitary\Tr-pi_0607.jpg,1
data\pituitary\Tr-pi_0608.jpg,1
data\pituitary\Tr-pi_0609.jpg,1
data\pituitary\Tr-pi_0610.jpg,1
data\pituitary\Tr-pi_0611.jpg,1
data\pituitary\Tr-pi_0612.jpg,1
data\pituitary\Tr-pi_0613.jpg,1
data\pituitary\Tr-pi_0614.jpg,1
data\pituitary\Tr-pi_0615.jpg,1
data\pituitary\Tr-pi_0616.jpg,1
data\pituitary\Tr-pi_0617.jpg,1
data\pituitary\Tr-pi_0618.jpg,1
data\pituitary\Tr-pi_0619.jpg,1
data\pituitary\Tr-pi_0620.jpg,1
data\pituitary\Tr-pi_0621.jpg,1
data\pituitary\Tr-pi_0622.jpg,1
data\pituitary\Tr-pi_0623.jpg,1
data\pituitary\Tr-pi_0624.jpg,1
data\pituitary\Tr-pi_0625.jpg,1
data\pituitary\Tr-pi_0626.jpg,1
data\pituitary\Tr-pi_0627.jpg,1
data\pituitary\Tr-pi_0628.jpg,1
data\pituitary\Tr-pi_0629.jpg,1
data\pituitary\Tr-pi_0630.jpg,1
data\pituitary\Tr-pi_0631.jpg,1
data\pituitary\Tr-pi_0632.jpg,1
data\pituitary\Tr-pi_0633.jpg,1
data\pituitary\Tr-pi_0634.jpg,1
data\pituitary\Tr-pi_0635.jpg,1
data\pituitary\Tr-pi_0636.jpg,1
data\pituitary\Tr-pi_0637.jpg,1
data\pituitary\Tr-pi_0638.jpg,1
data\pituitary\Tr-pi_0639.jpg,1
data\pituitary\Tr-pi_0640.jpg,1
data\pituitary\Tr-pi_0641.jpg,1
data\pituitary\Tr-pi_0642.jpg,1
data\pituitary\Tr-pi_0643.jpg,1
data\pituitary\Tr-pi_0644.jpg,1
data\pituitary\Tr-pi_0645.jpg,1
data\pituitary\Tr-pi_0646.jpg,1
data\pituitary\Tr-pi_0647.jpg,1
data\pituitary\Tr-pi_0648.jpg,1
data\pituitary\Tr-pi_0649.jpg,1
data\pituitary\Tr-pi_0650.jpg,1
data\pituitary\Tr-pi_0651.jpg,1
data\pituitary\Tr-pi_0652.jpg,1
data\pituitary\Tr-pi_0653.jpg,1
data\pituitary\Tr-pi_0654.jpg,1
data\pituitary\Tr-pi_0655.jpg,1
data\pituitary\Tr-pi_0656.jpg,1
data\pituitary\Tr-pi_0657.jpg,1
data\pituitary\Tr-pi_0658.jpg,1
data\pituitary\Tr-pi_0659.jpg,1
data\pituitary\Tr-pi_0660.jpg,1
data\pituitary\Tr-pi_0661.jpg,1
data\pituitary\Tr-pi_0662.jpg,1
data\pituitary\Tr-pi_0663.jpg,1
data\pituitary\Tr-pi_0664.jpg,1
data\pituitary\Tr-pi_0665.jpg,1
data\pituitary\Tr-pi_0666.jpg,1
data\pituitary\Tr-pi_0667.jpg,1
data\pituitary\Tr-pi_0668.jpg,1
data\pituitary\Tr-pi_0669.jpg,1
data\pituitary\Tr-pi_0670.jpg,1
data\pituitary\Tr-pi_0671.jpg,1
data\pituitary\Tr-pi_0672.jpg,1
data\pituitary\Tr-pi_0673.jpg,1
data\pituitary\Tr-pi_0674.jpg,1
data\pituitary\Tr-pi_0675.jpg,1
data\pituitary\Tr-pi_0676.jpg,1
data\pituitary\Tr-pi_0677.jpg,1
data\pituitary\Tr-pi_0678.jpg,1
data\pituitary\Tr-pi_0679.jpg,1
data\pituitary\Tr-pi_0680.jpg,1
data\pituitary\Tr-pi_0681.jpg,1
data\pituitary\Tr-pi_0682.jpg,1
data\pituitary\Tr-pi_0683.jpg,1
data\pituitary\Tr-pi_0684.jpg,1
data\pituitary\Tr-pi_0685.jpg,1
data\pituitary\Tr-pi_0686.jpg,1
data\pituitary\Tr-pi_0687.jpg,1
data\pituitary\Tr-pi_0688.jpg,1
data\pituitary\Tr-pi_0689.jpg,1
data\pituitary\Tr-pi_0690.jpg,1
data\pituitary\Tr-pi_0691.jpg,1
data\pituitary\Tr-pi_0692.jpg,1
data\pituitary\Tr-pi_0693.jpg,1
data\pituitary\Tr-pi_0694.jpg,1
data\pituitary\Tr-pi_0695.jpg,1
data\pituitary\Tr-pi_0696.jpg,1
data\pituitary\Tr-pi_0697.jpg,1
data\pituitary\Tr-pi_0698.jpg,1
data\pituitary\Tr-pi_0699.jpg,1
data\pituitary\Tr-pi_0700.jpg,1
data\pituitary\Tr-pi_0701.jpg,1
data\pituitary\Tr-pi_0702.jpg,1
data\pituitary\Tr-pi_0703.jpg,1
data\pituitary\Tr-pi_0704.jpg,1
data\pituitary\Tr-pi_0705.jpg,1
data\pituitary\Tr-pi_0706.jpg,1
data\pituitary\Tr-pi_0707.jpg,1
data\pituitary\Tr-pi_0708.jpg,1
data\pituitary\Tr-pi_0709.jpg,1
data\pituitary\Tr-pi_0710.jpg,1
data\pituitary\Tr-pi_0711.jpg,1
data\pituitary\Tr-pi_0712.jpg,1
data\pituitary\Tr-pi_0713.jpg,1
data\pituitary\Tr-pi_0714.jpg,1
data\pituitary\Tr-pi_0715.jpg,1
data\pituitary\Tr-pi_0716.jpg,1
data\pituitary\Tr-pi_0717.jpg,1
data\pituitary\Tr-pi_0718.jpg,1
data\pituitary\Tr-pi_0719.jpg,1
data\pituitary\Tr-pi_0720.jpg,1
data\pituitary\Tr-pi_0721.jpg,1
data\pituitary\Tr-pi_0722.jpg,1
data\pituitary\Tr-pi_0723.jpg,1
data\pituitary\Tr-pi_0724.jpg,1
data\pituitary\Tr-pi_0725.jpg,1
data\pituitary\Tr-pi_0726.jpg,1
data\pituitary\Tr-pi_0727.jpg,1
data\pituitary\Tr-pi_0728.jpg,1
data\pituitary\Tr-pi_0729.jpg,1
data\pituitary\Tr-pi_0730.jpg,1
data\pituitary\Tr-pi_0731.jpg,1
data\pituitary\Tr-pi_0732.jpg,1
data\pituitary\Tr-pi_0733.jpg,1
data\pituitary\Tr-pi_0734.jpg,1
data\pituitary\Tr-pi_0735.jpg,1
data\pituitary\Tr-pi_0736.jpg,1
data\pituitary\Tr-pi_0737.jpg,1
data\pituitary\Tr-pi_0738.jpg,1
data\pituitary\Tr-pi_0739.jpg,1
data\pituitary\Tr-pi_0740.jpg,1
data\pituitary\Tr-pi_0741.jpg,1
data\pituitary\Tr-pi_0742.jpg,1
data\pituitary\Tr-pi_0743.jpg,1
data\pituitary\Tr-pi_0744.jpg,1
data\pituitary\Tr-pi_0745.jpg,1
data\pituitary\Tr-pi_0746.jpg,1
data\pituitary\Tr-pi_0747.jpg,1
data\pituitary\Tr-pi_0748.jpg,1
data\pituitary\Tr-pi_0749.jpg,1
data\pituitary\Tr-pi_0750.jpg,1
data\pituitary\Tr-pi_0751.jpg,1
data\pituitary\Tr-pi_0752.jpg,1
data\pituitary\Tr-pi_0753.jpg,1
data\pituitary\Tr-pi_0754.jpg,1
data\pituitary\Tr-pi_0755.jpg,1
data\pituitary\Tr-pi_0756.jpg,1
data\pituitary\Tr-pi_0757.jpg,1
data\pituitary\Tr-pi_0758.jpg,1
data\pituitary\Tr-pi_0759.jpg,1
data\pituitary\Tr-pi_0760.jpg,1
data\pituitary\Tr-pi_0761.jpg,1
data\pituitary\Tr-pi_0762.jpg,1
data\pituitary\Tr-pi_0763.jpg,1
data\pituitary\Tr-pi_0764.jpg,1
data\pituitary\Tr-pi_0765.jpg,1
data\pituitary\Tr-pi_0766.jpg,1
data\pituitary\Tr-pi_0767.jpg,1
data\pituitary\Tr-pi_0768.jpg,1
data\pituitary\Tr-pi_0769.jpg,1
data\pituitary\Tr-pi_0770.jpg,1
data\pituitary\Tr-pi_0771.jpg,1
data\pituitary\Tr-pi_0772.jpg,1
data\pituitary\Tr-pi_0773.jpg,1
data\pituitary\Tr-pi_0774.jpg,1
data\pituitary\Tr-pi_0775.jpg,1
data\pituitary\Tr-pi_0776.jpg,1
data\pituitary\Tr-pi_0777.jpg,1
data\pituitary\Tr-pi_0778.jpg,1
data\pituitary\Tr-pi_0779.jpg,1
data\pituitary\Tr-pi_0780.jpg,1
data\pituitary\Tr-pi_0781.jpg,1
data\pituitary\Tr-pi_0782.jpg,1
data\pituitary\Tr-pi_0783.jpg,1
data\pituitary\Tr-pi_0784.jpg,1
data\pituitary\Tr-pi_0785.jpg,1
data\pituitary\Tr-pi_0786.jpg,1
data\pituitary\Tr-pi_0787.jpg,1
data\pituitary\Tr-pi_0788.jpg,1
data\pituitary\Tr-pi_0789.jpg,1
data\pituitary\Tr-pi_0790.jpg,1
data\pituitary\Tr-pi_0791.jpg,1
data\pituitary\Tr-pi_0792.jpg,1
data\pituitary\Tr-pi_0793.jpg,1
data\pituitary\Tr-pi_0794.jpg,1
data\pituitary\Tr-pi_0795.jpg,1
data\pituitary\Tr-pi_0796.jpg,1
data\pituitary\Tr-pi_0797.jpg,1
data\pituitary\Tr-pi_0798.jpg,1
data\pituitary\Tr-pi_0799.jpg,1
data\pituitary\Tr-pi_0800.jpg,1
data\pituitary\Tr-pi_0801.jpg,1
data\pituitary\Tr-pi_0802.jpg,1
data\pituitary\Tr-pi_0803.jpg,1
data\pituitary\Tr-pi_0804.jpg,1
data\pituitary\Tr-pi_0805.jpg,1
data\pituitary\Tr-pi_0806.jpg,1
data\pituitary\Tr-pi_0807.jpg,1
data\pituitary\Tr-pi_0808.jpg,1
data\pituitary\Tr-pi_0809.jpg,1
data\pituitary\Tr-pi_0810.jpg,1
data\pituitary\Tr-pi_0811.jpg,1
data\pituitary\Tr-pi_0812.jpg,1
data\pituitary\Tr-pi_0813.jpg,1
data\pituitary\Tr-pi_0814.jpg,1
data\pituitary\Tr-pi_0815.jpg,1
data\pituitary\Tr-pi_0816.jpg,1
data\pituitary\Tr-pi_0817.jpg,1
data\pituitary\Tr-pi_0818.jpg,1
data\pituitary\Tr-pi_0819.jpg,1
data\pituitary\Tr-pi_0820.jpg,1
data\pituitary\Tr-pi_0821.jpg,1
data\pituitary\Tr-pi_0822.jpg,1
data\pituitary\Tr-pi_0823.jpg,1
data\pituitary\Tr-pi_0824.jpg,1
data\pituitary\Tr-pi_0825.jpg,1
data\pituitary\Tr-pi_0826.jpg,1
data\pituitary\Tr-pi_0827.jpg,1
data\pituitary\Tr-pi_0828.jpg,1
data\pituitary\Tr-pi_0829.jpg,1
data\pituitary\Tr-pi_0830.jpg,1
data\pituitary\Tr-pi_0831.jpg,1
data\pituitary\Tr-pi_0832.jpg,1
data\pituitary\Tr-pi_0833.jpg,1
data\pituitary\Tr-pi_0834.jpg,1
data\pituitary\Tr-pi_0835.jpg,1
data\pituitary\Tr-pi_0836.jpg,1
data\pituitary\Tr-pi_0837.jpg,1
data\pituitary\Tr-pi_0838.jpg,1
data\pituitary\Tr-pi_0839.jpg,1
data\pituitary\Tr-pi_0840.jpg,1
data\pituitary\Tr-pi_0841.jpg,1
data\pituitary\Tr-pi_0842.jpg,1
data\pituitary\Tr-pi_0843.jpg,1
data\pituitary\Tr-pi_0844.jpg,1
data\pituitary\Tr-pi_0845.jpg,1
data\pituitary\Tr-pi_0846.jpg,1
data\pituitary\Tr-pi_0847.jpg,1
data\pituitary\Tr-pi_0848.jpg,1
data\pituitary\Tr-pi_0849.jpg,1
data\pituitary\Tr-pi_0850.jpg,1
data\pituitary\Tr-pi_0851.jpg,1
data\pituitary\Tr-pi_0852.jpg,1
data\pituitary\Tr-pi_0853.jpg,1
data\pituitary\Tr-pi_0854.jpg,1
data\pituitary\Tr-pi_0855.jpg,1
data\pituitary\Tr-pi_0856.jpg,1
data\pituitary\Tr-pi_0857.jpg,1
data\pituitary\Tr-pi_0858.jpg,1
data\pituitary\Tr-pi_0859.jpg,1
data\pituitary\Tr-pi_0860.jpg,1
data\pituitary\Tr-pi_0861.jpg,1
data\pituitary\Tr-pi_0862.jpg,1
data\pituitary\Tr-pi_0863.jpg,1
data\pituitary\Tr-pi_0864.jpg,1
data\pituitary\Tr-pi_0865.jpg,1
data\pituitary\Tr-pi_0866.jpg,1
data\pituitary\Tr-pi_0867.jpg,1
data\pituitary\Tr-pi_0868.jpg,1
data\pituitary\Tr-pi_0869.jpg,1
data\pituitary\Tr-pi_0870.jpg,1
data\pituitary\Tr-pi_0871.jpg,1
data\pituitary\Tr-pi_0872.jpg,1
data\pituitary\Tr-pi_0873.jpg,1
data\pituitary\Tr-pi_0874.jpg,1
data\pituitary\Tr-pi_0875.jpg,1
data\pituitary\Tr-pi_0876.jpg,1
data\pituitary\Tr-pi_0877.jpg,1
data\pituitary\Tr-pi_0878.jpg,1
data\pituitary\Tr-pi_0879.jpg,1
data\pituitary\Tr-pi_0880.jpg,1
data\pituitary\Tr-pi_0881.jpg,1
data\pituitary\Tr-pi_0882.jpg,1
data\pituitary\Tr-pi_0883.jpg,1
data\pituitary\Tr-pi_0884.jpg,1
data\pituitary\Tr-pi_0885.jpg,1
data\pituitary\Tr-pi_0886.jpg,1
data\pituitary\Tr-pi_0887.jpg,1
data\pituitary\Tr-pi_0888.jpg,1
data\pituitary\Tr-pi_0889.jpg,1
data\pituitary\Tr-pi_0890.jpg,1
data\pituitary\Tr-pi_0891.jpg,1
data\pituitary\Tr-pi_0892.jpg,1
data\pituitary\Tr-pi_0893.jpg,1
data\pituitary\Tr-pi_0894.jpg,1
data\pituitary\Tr-pi_0895.jpg,1
data\pituitary\Tr-pi_0896.jpg,1
data\pituitary\Tr-pi_0897.jpg,1
data\pituitary\Tr-pi_0898.jpg,1
data\pituitary\Tr-pi_0899.jpg,1
data\pituitary\Tr-pi_0900.jpg,1
data\pituitary\Tr-pi_0901.jpg,1
data\pituitary\Tr-pi_0902.jpg,1
data\pituitary\Tr-pi_0903.jpg,1
data\pituitary\Tr-pi_0904.jpg,1
data\pituitary\Tr-pi_0905.jpg,1
data\pituitary\Tr-pi_0906.jpg,1
data\pituitary\Tr-pi_0907.jpg,1
data\pituitary\Tr-pi_0908.jpg,1
data\pituitary\Tr-pi_0909.jpg,1
data\pituitary\Tr-pi_0910.jpg,1
data\pituitary\Tr-pi_0911.jpg,1
data\pituitary\Tr-pi_0912.jpg,1
data\pituitary\Tr-pi_0913.jpg,1
data\pituitary\Tr-pi_0914.jpg,1
data\pituitary\Tr-pi_0915.jpg,1
data\pituitary\Tr-pi_0916.jpg,1
data\pituitary\Tr-pi_0917.jpg,1
data\pituitary\Tr-pi_0918.jpg,1
data\pituitary\Tr-pi_0919.jpg,1
data\pituitary\Tr-pi_0920.jpg,1
data\pituitary\Tr-pi_0921.jpg,1
data\pituitary\Tr-pi_0922.jpg,1
data\pituitary\Tr-pi_0923.jpg,1
data\pituitary\Tr-pi_0924.jpg,1
data\pituitary\Tr-pi_0925.jpg,1
data\pituitary\Tr-pi_0926.jpg,1
data\pituitary\Tr-pi_0927.jpg,1
data\pituitary\Tr-pi_0928.jpg,1
data\pituitary\Tr-pi_0929.jpg,1
data\pituitary\Tr-pi_0930.jpg,1
data\pituitary\Tr-pi_0931.jpg,1
data\pituitary\Tr-pi_0932.jpg,1
data\pituitary\Tr-pi_0933.jpg,1
data\pituitary\Tr-pi_0934.jpg,1
data\pituitary\Tr-pi_0935.jpg,1
data\pituitary\Tr-pi_0936.jpg,1
data\pituitary\Tr-pi_0937.jpg,1
data\pituitary\Tr-pi_0938.jpg,1
data\pituitary\Tr-pi_0939.jpg,1
data\pituitary\Tr-pi_0940.jpg,1
data\pituitary\Tr-pi_0941.jpg,1
data\pituitary\Tr-pi_0942.jpg,1
data\pituitary\Tr-pi_0943.jpg,1
data\pituitary\Tr-pi_0944.jpg,1
data\pituitary\Tr-pi_0945.jpg,1
data\pituitary\Tr-pi_0946.jpg,1
data\pituitary\Tr-pi_0947.jpg,1
data\pituitary\Tr-pi_0948.jpg,1
data\pituitary\Tr-pi_0949.jpg,1
data\pituitary\Tr-pi_0950.jpg,1
data\pituitary\Tr-pi_0951.jpg,1
data\pituitary\Tr-pi_0952.jpg,1
data\pituitary\Tr-pi_0953.jpg,1
data\pituitary\Tr-pi_0954.jpg,1
data\pituitary\Tr-pi_0955.jpg,1
data\pituitary\Tr-pi_0956.jpg,1
data\pituitary\Tr-pi_0957.jpg,1
data\pituitary\Tr-pi_0958.jpg,1
data\pituitary\Tr-pi_0959.jpg,1
data\pituitary\Tr-pi_0960.jpg,1
data\pituitary\Tr-pi_0961.jpg,1
data\pituitary\Tr-pi_0962.jpg,1
data\pituitary\Tr-pi_0963.jpg,1
data\pituitary\Tr-pi_0964.jpg,1
data\pituitary\Tr-pi_0965.jpg,1
data\pituitary\Tr-pi_0966.jpg,1
data\pituitary\Tr-pi_0967.jpg,1
data\pituitary\Tr-pi_0968.jpg,1
data\pituitary\Tr-pi_0969.jpg,1
data\pituitary\Tr-pi_0970.jpg,1
data\pituitary\Tr-pi_0971.jpg,1
data\pituitary\Tr-pi_0972.jpg,1
data\pituitary\Tr-pi_0973.jpg,1
data\pituitary\Tr-pi_0974.jpg,1
data\pituitary\Tr-pi_0975.jpg,1
data\pituitary\Tr-pi_0976.jpg,1
data\pituitary\Tr-pi_0977.jpg,1
data\pituitary\Tr-pi_0978.jpg,1
data\pituitary\Tr-pi_0979.jpg,1
data\pituitary\Tr-pi_0980.jpg,1
data\pituitary\Tr-pi_0981.jpg,1
data\pituitary\Tr-pi_0982.jpg,1
data\pituitary\Tr-pi_0983.jpg,1
data\pituitary\Tr-pi_0984.jpg,1
data\pituitary\Tr-pi_0985.jpg,1
data\pituitary\Tr-pi_0986.jpg,1
data\pituitary\Tr-pi_0987.jpg,1
data\pituitary\Tr-pi_0988.jpg,1
data\pituitary\Tr-pi_0989.jpg,1
data\pituitary\Tr-pi_0990.jpg,1
data\pituitary\Tr-pi_0991.jpg,1
data\pituitary\Tr-pi_0992.jpg,1
data\pituitary\Tr-pi_0993.jpg,1
data\pituitary\Tr-pi_0994.jpg,1
data\pituitary\Tr-pi_0995.jpg,1
data\pituitary\Tr-pi_0996.jpg,1
data\pituitary\Tr-pi_0997.jpg,1
data\pituitary\Tr-pi_0998.jpg,1
data\pituitary\Tr-pi_0999.jpg,1
data\pituitary\Tr-pi_1000.jpg,1
data\pituitary\Tr-pi_1001.jpg,1
data\pituitary\Tr-pi_1002.jpg,1
data\pituitary\Tr-pi_1003.jpg,1
data\pituitary\Tr-pi_1004.jpg,1
data\pituitary\Tr-pi_1005.jpg,1
data\pituitary\Tr-pi_1006.jpg,1
data\pituitary\Tr-pi_1007.jpg,1
data\pituitary\Tr-pi_1008.jpg,1
data\pituitary\Tr-pi_1009.jpg,1
data\pituitary\Tr-pi_1010.jpg,1
data\pituitary\Tr-pi_1011.jpg,1
data\pituitary\Tr-pi_1012.jpg,1
data\pituitary\Tr-pi_1013.jpg,1
data\pituitary\Tr-pi_1014.jpg,1
data\pituitary\Tr-pi_1015.jpg,1
data\pituitary\Tr-pi_1016.jpg,1
data\pituitary\Tr-pi_1017.jpg,1
data\pituitary\Tr-pi_1018.jpg,1
data\pituitary\Tr-pi_1019.jpg,1
data\pituitary\Tr-pi_1020.jpg,1
data\pituitary\Tr-pi_1021.jpg,1
data\pituitary\Tr-pi_1022.jpg,1
data\pituitary\Tr-pi_1023.jpg,1
data\pituitary\Tr-pi_1024.jpg,1
data\pituitary\Tr-pi_1025.jpg,1
data\pituitary\Tr-pi_1026.jpg,1
data\pituitary\Tr-pi_1027.jpg,1
data\pituitary\Tr-pi_1028.jpg,1
data\pituitary\Tr-pi_1029.jpg,1
data\pituitary\Tr-pi_1030.jpg,1
data\pituitary\Tr-pi_1031.jpg,1
data\pituitary\Tr-pi_1032.jpg,1
data\pituitary\Tr-pi_1033.jpg,1
data\pituitary\Tr-pi_1034.jpg,1
data\pituitary\Tr-pi_1035.jpg,1
data\pituitary\Tr-pi_1036.jpg,1
data\pituitary\Tr-pi_1037.jpg,1
data\pituitary\Tr-pi_1038.jpg,1
data\pituitary\Tr-pi_1039.jpg,1
data\pituitary\Tr-pi_1040.jpg,1
data\pituitary\Tr-pi_1041.jpg,1
data\pituitary\Tr-pi_1042.jpg,1
data\pituitary\Tr-pi_1043.jpg,1
data\pituitary\Tr-pi_1044.jpg,1
data\pituitary\Tr-pi_1045.jpg,1
data\pituitary\Tr-pi_1046.jpg,1
data\pituitary\Tr-pi_1047.jpg,1
data\pituitary\Tr-pi_1048.jpg,1
data\pituitary\Tr-pi_1049.jpg,1
data\pituitary\Tr-pi_1050.jpg,1
data\pituitary\Tr-pi_1051.jpg,1
data\pituitary\Tr-pi_1052.jpg,1
data\pituitary\Tr-pi_1053.jpg,1
data\pituitary\Tr-pi_1054.jpg,1
data\pituitary\Tr-pi_1055.jpg,1
data\pituitary\Tr-pi_1056.jpg,1
data\pituitary\Tr-pi_1057.jpg,1
data\pituitary\Tr-pi_1058.jpg,1
data\pituitary\Tr-pi_1059.jpg,1
data\pituitary\Tr-pi_1060.jpg,1
data\pituitary\Tr-pi_1061.jpg,1
data\pituitary\Tr-pi_1062.jpg,1
data\pituitary\Tr-pi_1063.jpg,1
data\pituitary\Tr-pi_1064.jpg,1
data\pituitary\Tr-pi_1065.jpg,1
data\pituitary\Tr-pi_1066.jpg,1
data\pituitary\Tr-pi_1067.jpg,1
data\pituitary\Tr-pi_1068.jpg,1
data\pituitary\Tr-pi_1069.jpg,1
data\pituitary\Tr-pi_1070.jpg,1
data\pituitary\Tr-pi_1071.jpg,1
data\pituitary\Tr-pi_1072.jpg,1
data\pituitary\Tr-pi_1073.jpg,1
data\pituitary\Tr-pi_1074.jpg,1
data\pituitary\Tr-pi_1075.jpg,1
data\pituitary\Tr-pi_1076.jpg,1
data\pituitary\Tr-pi_1077.jpg,1
data\pituitary\Tr-pi_1078.jpg,1
data\pituitary\Tr-pi_1079.jpg,1
data\pituitary\Tr-pi_1080.jpg,1
data\pituitary\Tr-pi_1081.jpg,1
data\pituitary\Tr-pi_1082.jpg,1
data\pituitary\Tr-pi_1083.jpg,1
data\pituitary\Tr-pi_1084.jpg,1
data\pituitary\Tr-pi_1085.jpg,1
data\pituitary\Tr-pi_1086.jpg,1
data\pituitary\Tr-pi_1087.jpg,1
data\pituitary\Tr-pi_1088.jpg,1
data\pituitary\Tr-pi_1089.jpg,1
data\pituitary\Tr-pi_1090.jpg,1
data\pituitary\Tr-pi_1091.jpg,1
data\pituitary\Tr-pi_1092.jpg,1
data\pituitary\Tr-pi_1093.jpg,1
data\pituitary\Tr-pi_1094.jpg,1
data\pituitary\Tr-pi_1095.jpg,1
data\pituitary\Tr-pi_1096.jpg,1
data\pituitary\Tr-pi_1097.jpg,1
data\pituitary\Tr-pi_1098.jpg,1
data\pituitary\Tr-pi_1099.jpg,1
data\pituitary\Tr-pi_1100.jpg,1
data\pituitary\Tr-pi_1101.jpg,1
data\pituitary\Tr-pi_1102.jpg,1
data\pituitary\Tr-pi_1103.jpg,1
data\pituitary\Tr-pi_1104.jpg,1
data\pituitary\Tr-pi_1105.jpg,1
data\pituitary\Tr-pi_1106.jpg,1
data\pituitary\Tr-pi_1107.jpg,1
data\pituitary\Tr-pi_1108.jpg,1
data\pituitary\Tr-pi_1109.jpg,1
data\pituitary\Tr-pi_1110.jpg,1
data\pituitary\Tr-pi_1111.jpg,1
data\pituitary\Tr-pi_1112.jpg,1
data\pituitary\Tr-pi_1113.jpg,1
data\pituitary\Tr-pi_1114.jpg,1
data\pituitary\Tr-pi_1115.jpg,1
data\pituitary\Tr-pi_1116.jpg,1
data\pituitary\Tr-pi_1117.jpg,1
data\pituitary\Tr-pi_1118.jpg,1
data\pituitary\Tr-pi_1119.jpg,1
data\pituitary\Tr-pi_1120.jpg,1
data\pituitary\Tr-pi_1121.jpg,1
data\pituitary\Tr-pi_1122.jpg,1
data\pituitary\Tr-pi_1123.jpg,1
data\pituitary\Tr-pi_1124.jpg,1
data\pituitary\Tr-pi_1125.jpg,1
data\pituitary\Tr-pi_1126.jpg,1
data\pituitary\Tr-pi_1127.jpg,1
data\pituitary\Tr-pi_1128.jpg,1
data\pituitary\Tr-pi_1129.jpg,1
data\pituitary\Tr-pi_1130.jpg,1
data\pituitary\Tr-pi_1131.jpg,1
data\pituitary\Tr-pi_1132.jpg,1
data\pituitary\Tr-pi_1133.jpg,1
data\pituitary\Tr-pi_1134.jpg,1
data\pituitary\Tr-pi_1135.jpg,1
data\pituitary\Tr-pi_1136.jpg,1
data\pituitary\Tr-pi_1137.jpg,1
data\pituitary\Tr-pi_1138.jpg,1
data\pituitary\Tr-pi_1139.jpg,1
data\pituitary\Tr-pi_1140.jpg,1
data\pituitary\Tr-pi_1141.jpg,1
data\pituitary\Tr-pi_1142.jpg,1
data\pituitary\Tr-pi_1143.jpg,1
data\pituitary\Tr-pi_1144.jpg,1
data\pituitary\Tr-pi_1145.jpg,1
data\pituitary\Tr-pi_1146.jpg,1
data\pituitary\Tr-pi_1147.jpg,1
data\pituitary\Tr-pi_1148.jpg,1
data\pituitary\Tr-pi_1149.jpg,1
data\pituitary\Tr-pi_1150.jpg,1
data\pituitary\Tr-pi_1151.jpg,1
data\pituitary\Tr-pi_1152.jpg,1
data\pituitary\Tr-pi_1153.jpg,1
data\pituitary\Tr-pi_1154.jpg,1
data\pituitary\Tr-pi_1155.jpg,1
data\pituitary\Tr-pi_1156.jpg,1
data\pituitary\Tr-pi_1157.jpg,1
data\pituitary\Tr-pi_1158.jpg,1
data\pituitary\Tr-pi_1159.jpg,1
data\pituitary\Tr-pi_1160.jpg,1
data\pituitary\Tr-pi_1161.jpg,1
data\pituitary\Tr-pi_1162.jpg,1
data\pituitary\Tr-pi_1163.jpg,1
data\pituitary\Tr-pi_1164.jpg,1
data\pituitary\Tr-pi_1165.jpg,1
data\pituitary\Tr-pi_1166.jpg,1
data\pituitary\Tr-pi_1167.jpg,1
data\pituitary\Tr-pi_1168.jpg,1
data\pituitary\Tr-pi_1169.jpg,1
data\pituitary\Tr-pi_1170.jpg,1
data\pituitary\Tr-pi_1171.jpg,1
data\pituitary\Tr-pi_1172.jpg,1
data\pituitary\Tr-pi_1173.jpg,1
data\pituitary\Tr-pi_1174.jpg,1
data\pituitary\Tr-pi_1175.jpg,1
data\pituitary\Tr-pi_1176.jpg,1
data\pituitary\Tr-pi_1177.jpg,1
data\pituitary\Tr-pi_1178.jpg,1
data\pituitary\Tr-pi_1179.jpg,1
data\pituitary\Tr-pi_1180.jpg,1
data\pituitary\Tr-pi_1181.jpg,1
data\pituitary\Tr-pi_1182.jpg,1
data\pituitary\Tr-pi_1183.jpg,1
data\pituitary\Tr-pi_1184.jpg,1
data\pituitary\Tr-pi_1185.jpg,1
data\pituitary\Tr-pi_1186.jpg,1
data\pituitary\Tr-pi_1187.jpg,1
data\pituitary\Tr-pi_1188.jpg,1
data\pituitary\Tr-pi_1189.jpg,1
data\pituitary\Tr-pi_1190.jpg,1
data\pituitary\Tr-pi_1191.jpg,1
data\pituitary\Tr-pi_1192.jpg,1
data\pituitary\Tr-pi_1193.jpg,1
data\pituitary\Tr-pi_1194.jpg,1
data\pituitary\Tr-pi_1195.jpg,1
data\pituitary\Tr-pi_1196.jpg,1
data\pituitary\Tr-pi_1197.jpg,1
data\pituitary\Tr-pi_1198.jpg,1
data\pituitary\Tr-pi_1199.jpg,1
data\pituitary\Tr-pi_1200.jpg,1
data\pituitary\Tr-pi_1201.jpg,1
data\pituitary\Tr-pi_1202.jpg,1
data\pituitary\Tr-pi_1203.jpg,1
data\pituitary\Tr-pi_1204.jpg,1
data\pituitary\Tr-pi_1205.jpg,1
data\pituitary\Tr-pi_1206.jpg,1
data\pituitary\Tr-pi_1207.jpg,1
data\pituitary\Tr-pi_1208.jpg,1
data\pituitary\Tr-pi_1209.jpg,1
data\pituitary\Tr-pi_1210.jpg,1
data\pituitary\Tr-pi_1211.jpg,1
data\pituitary\Tr-pi_1212.jpg,1
data\pituitary\Tr-pi_1213.jpg,1
data\pituitary\Tr-pi_1214.jpg,1
data\pituitary\Tr-pi_1215.jpg,1
data\pituitary\Tr-pi_1216.jpg,1
data\pituitary\Tr-pi_1217.jpg,1
data\pituitary\Tr-pi_1218.jpg,1
data\pituitary\Tr-pi_1219.jpg,1
data\pituitary\Tr-pi_1220.jpg,1
data\pituitary\Tr-pi_1221.jpg,1
data\pituitary\Tr-pi_1222.jpg,1
data\pituitary\Tr-pi_1223.jpg,1
data\pituitary\Tr-pi_1224.jpg,1
data\pituitary\Tr-pi_1225.jpg,1
data\pituitary\Tr-pi_1226.jpg,1
data\pituitary\Tr-pi_1227.jpg,1
data\pituitary\Tr-pi_1228.jpg,1
data\pituitary\Tr-pi_1229.jpg,1
data\pituitary\Tr-pi_1230.jpg,1
data\pituitary\Tr-pi_1231.jpg,1
data\pituitary\Tr-pi_1232.jpg,1
data\pituitary\Tr-pi_1233.jpg,1
data\pituitary\Tr-pi_1234.jpg,1
data\pituitary\Tr-pi_1235.jpg,1
data\pituitary\Tr-pi_1236.jpg,1
data\pituitary\Tr-pi_1237.jpg,1
data\pituitary\Tr-pi_1238.jpg,1
data\pituitary\Tr-pi_1239.jpg,1
data\pituitary\Tr-pi_1240.jpg,1
data\pituitary\Tr-pi_1241.jpg,1
data\pituitary\Tr-pi_1242.jpg,1
data\pituitary\Tr-pi_1243.jpg,1
data\pituitary\Tr-pi_1244.jpg,1
data\pituitary\Tr-pi_1245.jpg,1
data\pituitary\Tr-pi_1246.jpg,1
data\pituitary\Tr-pi_1247.jpg,1
data\pituitary\Tr-pi_1248.jpg,1
data\pituitary\Tr-pi_1249.jpg,1
data\pituitary\Tr-pi_1250.jpg,1
data\pituitary\Tr-pi_1251.jpg,1
data\pituitary\Tr-pi_1252.jpg,1
data\pituitary\Tr-pi_1253.jpg,1
data\pituitary\Tr-pi_1254.jpg,1
data\pituitary\Tr-pi_1255.jpg,1
data\pituitary\Tr-pi_1256.jpg,1
data\pituitary\Tr-pi_1257.jpg,1
data\pituitary\Tr-pi_1258.jpg,1
data\pituitary\Tr-pi_1259.jpg,1
data\pituitary\Tr-pi_1260.jpg,1
data\pituitary\Tr-pi_1261.jpg,1
data\pituitary\Tr-pi_1262.jpg,1
data\pituitary\Tr-pi_1263.jpg,1
data\pituitary\Tr-pi_1264.jpg,1
data\pituitary\Tr-pi_1265.jpg,1
data\pituitary\Tr-pi_1266.jpg,1
data\pituitary\Tr-pi_1267.jpg,1
data\pituitary\Tr-pi_1268.jpg,1
data\pituitary\Tr-pi_1269.jpg,1
data\pituitary\Tr-pi_1270.jpg,1
data\pituitary\Tr-pi_1271.jpg,1
data\pituitary\Tr-pi_1272.jpg,1
data\pituitary\Tr-pi_1273.jpg,1
data\pituitary\Tr-pi_1274.jpg,1
data\pituitary\Tr-pi_1275.jpg,1
data\pituitary\Tr-pi_1276.jpg,1
data\pituitary\Tr-pi_1277.jpg,1
data\pituitary\Tr-pi_1278.jpg,1
data\pituitary\Tr-pi_1279.jpg,1
data\pituitary\Tr-pi_1280.jpg,1
data\pituitary\Tr-pi_1281.jpg,1
data\pituitary\Tr-pi_1282.jpg,1
data\pituitary\Tr-pi_1283.jpg,1
data\pituitary\Tr-pi_1284.jpg,1
data\pituitary\Tr-pi_1285.jpg,1
data\pituitary\Tr-pi_1286.jpg,1
data\pituitary\Tr-pi_1287.jpg,1
data\pituitary\Tr-pi_1288.jpg,1
data\pituitary\Tr-pi_1289.jpg,1
data\pituitary\Tr-pi_1290.jpg,1
data\pituitary\Tr-pi_1291.jpg,1
data\pituitary\Tr-pi_1292.jpg,1
data\pituitary\Tr-pi_1293.jpg,1
data\pituitary\Tr-pi_1294.jpg,1
data\pituitary\Tr-pi_1295.jpg,1
data\pituitary\Tr-pi_1296.jpg,1
data\pituitary\Tr-pi_1297.jpg,1
data\pituitary\Tr-pi_1298.jpg,1
data\pituitary\Tr-pi_1299.jpg,1
data\pituitary\Tr-pi_1300.jpg,1
data\pituitary\Tr-pi_1301.jpg,1
data\pituitary\Tr-pi_1302.jpg,1
data\pituitary\Tr-pi_1303.jpg,1
data\pituitary\Tr-pi_1304.jpg,1
data\pituitary\Tr-pi_1305.jpg,1
data\pituitary\Tr-pi_1306.jpg,1
data\pituitary\Tr-pi_1307.jpg,1
data\pituitary\Tr-pi_1308.jpg,1
data\pituitary\Tr-pi_1309.jpg,1
data\pituitary\Tr-pi_1310.jpg,1
data\pituitary\Tr-pi_1311.jpg,1
data\pituitary\Tr-pi_1312.jpg,1
data\pituitary\Tr-pi_1313.jpg,1
data\pituitary\Tr-pi_1314.jpg,1
data\pituitary\Tr-pi_1315.jpg,1
data\pituitary\Tr-pi_1316.jpg,1
data\pituitary\Tr-pi_1317.jpg,1
data\pituitary\Tr-pi_1318.jpg,1
data\pituitary\Tr-pi_1319.jpg,1
data\pituitary\Tr-pi_1320.jpg,1
data\pituitary\Tr-pi_1321.jpg,1
data\pituitary\Tr-pi_1322.jpg,1
data\pituitary\Tr-pi_1323.jpg,1
data\pituitary\Tr-pi_1324.jpg,1
data\pituitary\Tr-pi_1325.jpg,1
data\pituitary\Tr-pi_1326.jpg,1
data\pituitary\Tr-pi_1327.jpg,1
data\pituitary\Tr-pi_1328.jpg,1
data\pituitary\Tr-pi_1329.jpg,1
data\pituitary\Tr-pi_1330.jpg,1
data\pituitary\Tr-pi_1331.jpg,1
data\pituitary\Tr-pi_1332.jpg,1
data\pituitary\Tr-pi_1333.jpg,1
data\pituitary\Tr-pi_1334.jpg,1
data\pituitary\Tr-pi_1335.jpg,1
data\pituitary\Tr-pi_1336.jpg,1
data\pituitary\Tr-pi_1337.jpg,1
data\pituitary\Tr-pi_1338.jpg,1
data\pituitary\Tr-pi_1339.jpg,1
data\pituitary\Tr-pi_1340.jpg,1
data\pituitary\Tr-pi_1341.jpg,1
data\pituitary\Tr-pi_1342.jpg,1
data\pituitary\Tr-pi_1343.jpg,1
data\pituitary\Tr-pi_1344.jpg,1
data\pituitary\Tr-pi_1345.jpg,1
data\pituitary\Tr-pi_1346.jpg,1
data\pituitary\Tr-pi_1347.jpg,1
data\pituitary\Tr-pi_1348.jpg,1
data\pituitary\Tr-pi_1349.jpg,1
data\pituitary\Tr-pi_1350.jpg,1
data\pituitary\Tr-pi_1351.jpg,1
data\pituitary\Tr-pi_1352.jpg,1
data\pituitary\Tr-pi_1353.jpg,1
data\pituitary\Tr-pi_1354.jpg,1
data\pituitary\Tr-pi_1355.jpg,1
data\pituitary\Tr-pi_1356.jpg,1
data\pituitary\Tr-pi_1357.jpg,1
data\pituitary\Tr-pi_1358.jpg,1
data\pituitary\Tr-pi_1359.jpg,1
data\pituitary\Tr-pi_1360.jpg,1
data\pituitary\Tr-pi_1361.jpg,1
data\pituitary\Tr-pi_1362.jpg,1
data\pituitary\Tr-pi_1363.jpg,1
data\pituitary\Tr-pi_1364.jpg,1
data\pituitary\Tr-pi_1365.jpg,1
data\pituitary\Tr-pi_1366.jpg,1
data\pituitary\Tr-pi_1367.jpg,1
data\pituitary\Tr-pi_1368.jpg,1
data\pituitary\Tr-pi_1369.jpg,1
data\pituitary\Tr-pi_1370.jpg,1
data\pituitary\Tr-pi_1371.jpg,1
data\pituitary\Tr-pi_1372.jpg,1
data\pituitary\Tr-pi_1373.jpg,1
data\pituitary\Tr-pi_1374.jpg,1
data\pituitary\Tr-pi_1375.jpg,1
data\pituitary\Tr-pi_1376.jpg,1
data\pituitary\Tr-pi_1377.jpg,1
data\pituitary\Tr-pi_1378.jpg,1
data\pituitary\Tr-pi_1379.jpg,1
data\pituitary\Tr-pi_1380.jpg,1
data\pituitary\Tr-pi_1381.jpg,1
data\pituitary\Tr-pi_1382.jpg,1
data\pituitary\Tr-pi_1383.jpg,1
data\pituitary\Tr-pi_1384.jpg,1
data\pituitary\Tr-pi_1385.jpg,1
data\pituitary\Tr-pi_1386.jpg,1
data\pituitary\Tr-pi_1387.jpg,1
data\pituitary\Tr-pi_1388.jpg,1
data\pituitary\Tr-pi_1389.jpg,1
data\pituitary\Tr-pi_1390.jpg,1
data\pituitary\Tr-pi_1391.jpg,1
data\pituitary\Tr-pi_1392.jpg,1
data\pituitary\Tr-pi_1393.jpg,1
data\pituitary\Tr-pi_1394.jpg,1
data\pituitary\Tr-pi_1395.jpg,1
data\pituitary\Tr-pi_1396.jpg,1
data\pituitary\Tr-pi_1397.jpg,1
data\pituitary\Tr-pi_1398.jpg,1
data\pituitary\Tr-pi_1399.jpg,1
data\pituitary\Tr-pi_1400.jpg,1
data\pituitary\Tr-pi_1401.jpg,1
data\pituitary\Tr-pi_1402.jpg,1
data\pituitary\Tr-pi_1403.jpg,1
data\pituitary\Tr-pi_1404.jpg,1
data\pituitary\Tr-pi_1405.jpg,1
data\pituitary\Tr-pi_1406.jpg,1
data\pituitary\Tr-pi_1407.jpg,1
data\pituitary\Tr-pi_1408.jpg,1
data\pituitary\Tr-pi_1409.jpg,1
data\pituitary\Tr-pi_1410.jpg,1
data\pituitary\Tr-pi_1411.jpg,1
data\pituitary\Tr-pi_1412.jpg,1
data\pituitary\Tr-pi_1413.jpg,1
data\pituitary\Tr-pi_1414.jpg,1
data\pituitary\Tr-pi_1415.jpg,1
data\pituitary\Tr-pi_1416.jpg,1
data\pituitary\Tr-pi_1417.jpg,1
data\pituitary\Tr-pi_1418.jpg,1
data\pituitary\Tr-pi_1419.jpg,1
data\pituitary\Tr-pi_1420.jpg,1
data\pituitary\Tr-pi_1421.jpg,1
data\pituitary\Tr-pi_1422.jpg,1
data\pituitary\Tr-pi_1423.jpg,1
data\pituitary\Tr-pi_1424.jpg,1
data\pituitary\Tr-pi_1425.jpg,1
data\pituitary\Tr-pi_1426.jpg,1
data\pituitary\Tr-pi_1427.jpg,1
data\pituitary\Tr-pi_1428.jpg,1
data\pituitary\Tr-pi_1429.jpg,1
data\pituitary\Tr-pi_1430.jpg,1
data\pituitary\Tr-pi_1431.jpg,1
data\pituitary\Tr-pi_1432.jpg,1
data\pituitary\Tr-pi_1433.jpg,1
data\pituitary\Tr-pi_1434.jpg,1
data\pituitary\Tr-pi_1435.jpg,1
data\pituitary\Tr-pi_1436.jpg,1
data\pituitary\Tr-pi_1437.jpg,1
data\pituitary\Tr-pi_1438.jpg,1
data\pituitary\Tr-pi_1439.jpg,1
data\pituitary\Tr-pi_1440.jpg,1
data\pituitary\Tr-pi_1441.jpg,1
data\pituitary\Tr-pi_1442.jpg,1
data\pituitary\Tr-pi_1443.jpg,1
data\pituitary\Tr-pi_1444.jpg,1
data\pituitary\Tr-pi_1445.jpg,1
data\pituitary\Tr-pi_1446.jpg,1
data\pituitary\Tr-pi_1447.jpg,1
data\pituitary\Tr-pi_1448.jpg,1
data\pituitary\Tr-pi_1449.jpg,1
data\pituitary\Tr-pi_1450.jpg,1
data\pituitary\Tr-pi_1451.jpg,1
data\pituitary\Tr-pi_1452.jpg,1
data\pituitary\Tr-pi_1453.jpg,1
data\pituitary\Tr-pi_1454.jpg,1
data\pituitary\Tr-pi_1455.jpg,1
data\pituitary\Tr-pi_1456.jpg,1
